benchmark_response_id,respondent_id,canonical_email,email_hash,source_row_id,submitted_at,business_name_clean,region,business_size,employee_count_band,annual_revenue_band,years_in_operation,years_in_operation_band,machine_count,primary_business_model,primary_pricing_method,hourly_rate_estimate_usd,stitch_rate_per_1000,minimum_order_quantity,minimum_job_charge_usd,charges_setup_fee,setup_fee_policy,charges_rush_fee,rush_fee_policy,uses_tiered_pricing,discounting_frequency,price_review_frequency,confidence_score_1_5,pricing_confidence_level,perceived_profitability,plans_price_increase_2026
BM-2026-0003,NNEP-R0003,hello@lakesidedesignsstudio.example,emh_68135d0519,R_BM_000001,2026-06-10T22:14:32Z,Lakeside Designs Studio,South,2-5 employees,2-5 employees,$500k-$1M,20,11-20,3,Custom embroidery,Value-based,116,1.82,6,150,False,No,True,Published percentage/flat fee,True,Rarely,Before every quote,5,Very confident,Variable,False
BM-2026-0004,NNEP-R0004,office4@hoopmonogramscollectiv.example,emh_326e4257de,R_BM_000002,2026-04-20T20:41:22Z,Hoop Monograms Collective,West,2-5 employees,2-5 employees,$50k-$100k,8,6-10,2,Custom embroidery,Stitch-count based,47,1.49,24,35,True,Sometimes/depends,True,Case-by-case,True,Sometimes,When costs change,2,Slightly confident,Struggling,True
BM-2026-0007,NNEP-R0007,hello0@ironapparelgroup.example,emh_dd980b4007,R_BM_000003,2026-06-04T00:18:57Z,Iron Apparel Group,Northeast,11-25 employees,11-25 employees,$500k-$1M,26,21+,12,Promotional products,Cost-plus,112,1.63,12,100,False,No,True,Published percentage/flat fee,True,Rarely,Annually,2,Slightly confident,Good,False
BM-2026-0014,NNEP-R0014,hello0@heritagebrandingshop.example,emh_b82a111b7a,R_BM_000004,2026-03-23T21:30:30Z,Heritage Branding Shop,Northeast,11-25 employees,11-25 employees,$1M+,2,2-5,10,Contract embroidery,Informal/custom quote,46,1.42,36,75,False,No,False,No,True,Frequently,Annually,3,Somewhat confident,Variable,False
BM-2026-0015,NNEP-R0015,sales@cedarmonogramsllc.example,emh_364905e785,R_BM_000005,2026-04-02T18:52:58Z,Cedar Monograms LLC,South,2-5 employees,2-5 employees,$1M+,6,6-10,2,Custom embroidery,Hybrid/job costing,84,0.99,0,35,False,No,False,No,False,Rarely,When costs change,1,Not confident,Good,True
BM-2026-0016,NNEP-R0016,sales@bobbinmonogramsgroup.example,emh_977d05939a,R_BM_000006,2026-05-30T12:18:44Z,Bobbin Monograms Group,Midwest,Solo owner/operator,Solo owner/operator,$100k-$250k,1,<2,1,Custom embroidery,Hybrid/job costing,103,1.78,0,75,True,Always/standard,True,Published percentage/flat fee,True,Sometimes,Quarterly,5,Very confident,Good,False
BM-2026-0020,NNEP-R0020,office@hoopcustoms.example,emh_9ae713bc9f,R_BM_000007,2026-04-15T07:33:34Z,Hoop Customs,South,6-10 employees,6-10 employees,$50k-$100k,14,11-20,5,Mixed services,Stitch-count based,106,1.66,0,150,False,No,True,Published percentage/flat fee,False,Sometimes,Annually,5,Very confident,Acceptable,False
BM-2026-0025,NNEP-R0025,info@threadstitchcocollecti.example,emh_c43c27dae5,R_BM_000008,2026-05-22T21:11:51Z,Thread Stitch Co. Collective,West,6-10 employees,6-10 employees,$500k-$1M,29,21+,5,Custom embroidery,Stitch-count based,106,1.66,6,100,True,Always/standard,True,Published percentage/flat fee,False,Rarely,Before every quote,4,Confident,Variable,False
BM-2026-0027,NNEP-R0027,sales@crownwearablescompany.example,emh_75703e08c0,R_BM_000009,2026-03-29T18:28:41Z,Crown Wearables Company,Midwest,Solo owner/operator,Solo owner/operator,$250k-$500k,24,21+,1,Decorated apparel,Value-based,94,1.88,6,100,True,Always/standard,True,Published percentage/flat fee,True,Sometimes,Before every quote,3,Somewhat confident,Variable,True
BM-2026-0029,NNEP-R0029,office@bobbinteamwearcompany.example,emh_eb15a6bac7,R_BM_000010,2026-05-18T18:03:07Z,Bobbin Teamwear Company,Northeast,11-25 employees,11-25 employees,$100k-$250k,32,21+,8,Custom embroidery,Hybrid/job costing,122,1.7,24,150,True,Always/standard,True,Published percentage/flat fee,False,Never,Before every quote,5,Very confident,Struggling,False
BM-2026-0030,NNEP-R0030,quotes@brightmonogramsgroup.example,emh_e01b6dc623,R_BM_000011,2026-04-04T06:38:40Z,Bright Monograms Group,West,6-10 employees,6-10 employees,$250k-$500k,1,<2,10,Decorated apparel,Stitch-count based,123,1.28,12,150,True,Sometimes/depends,False,No,False,Frequently,Annually,2,Slightly confident,Very strong,False
BM-2026-0037,NNEP-R0037,hello@prairiedesignsshop.example,emh_4ecc8cced3,R_BM_000012,2026-03-21T06:39:33Z,Prairie Designs Shop,South,2-5 employees,2-5 employees,$50k-$100k,0,<2,5,Decorated apparel,Stitch-count based,92,1.05,12,100,False,No,True,Case-by-case,False,Frequently,Before every quote,3,Somewhat confident,Very strong,False
BM-2026-0038,NNEP-R0038,quotes@summitneedleworksshop.example,emh_6cc7537311,R_BM_000013,2026-06-03T19:35:52Z,Summit Needleworks Shop,South,26+ employees,26+ employees,$1M+,17,11-20,24,Team/school spiritwear,Value-based,129,1.12,0,150,False,No,True,Published percentage/flat fee,False,Sometimes,Before every quote,4,Confident,Acceptable,True
BM-2026-0041,NNEP-R0041,owner@redbarnthreadsshop.example,emh_4e5ec76193,R_BM_000014,2026-05-13T08:51:11Z,Red Barn Threads Shop,West,Solo owner/operator,Solo owner/operator,Under $50k,0,<2,1,Contract embroidery,Stitch-count based,42,1.29,24,150,False,No,False,No,True,Frequently,Rarely/never,5,Very confident,Variable,False
BM-2026-0042,NNEP-R0042,office0@redbarndesignsllc.example,emh_21b558bcac,R_BM_000015,2026-06-08T16:05:24Z,Red Barn Designs LLC,Midwest,26+ employees,26+ employees,$50k-$100k,31,21+,12,Mixed services,Hybrid/job costing,120,1.82,6,75,True,Always/standard,False,No,True,Frequently,Quarterly,4,Confident,Acceptable,False
BM-2026-0047,NNEP-R0047,office@bobbinmonogramscollect.example,emh_d3201a53b8,R_BM_000016,2026-03-25T08:34:21Z,Bobbin Monograms Collective,West,2-5 employees,2-5 employees,$250k-$500k,23,21+,2,Custom embroidery,Hybrid/job costing,100,1.29,0,75,False,No,True,Published percentage/flat fee,False,Never,When costs change,4,Confident,Very strong,False
BM-2026-0049,NNEP-R0049,office@goldenteamwearllc.example,emh_c09f30849c,R_BM_000017,2026-06-12T10:24:40Z,Golden Teamwear LLC,Midwest,Solo owner/operator,Solo owner/operator,$50k-$100k,22,21+,1,Custom embroidery,Competitor-based,99,1.03,12,25,False,No,False,No,True,Sometimes,Rarely/never,4,Confident,Acceptable,False
BM-2026-0051,NNEP-R0051,quotes@northstarteamwearshop.example,emh_bdb34c37e8,R_BM_000018,2026-03-30T23:28:11Z,North Star Teamwear Shop,South,Solo owner/operator,Solo owner/operator,$250k-$500k,25,21+,1,Promotional products,Informal/custom quote,100,1.19,24,25,False,No,True,Case-by-case,False,Sometimes,Quarterly,3,Somewhat confident,Acceptable,True
BM-2026-0052,NNEP-R0052,quotes@urbanlogoshopstudio.example,emh_6ab7308276,R_BM_000019,2026-03-27T01:42:18Z,Urban Logo Shop Studio,Midwest,6-10 employees,6-10 employees,$100k-$250k,2,2-5,6,Custom embroidery,Competitor-based,79,1.37,0,75,False,No,True,Case-by-case,False,Never,Rarely/never,5,Very confident,Struggling,True
BM-2026-0053,NNEP-R0053,office4@needledesigns.example,emh_c78866879d,R_BM_000020,2026-05-30T14:45:44Z,Needle Designs,Midwest,6-10 employees,6-10 employees,$250k-$500k,14,11-20,3,Custom embroidery,Hybrid/job costing,83,1.84,12,100,True,Always/standard,True,Published percentage/flat fee,False,Sometimes,When costs change,5,Very confident,Acceptable,False
BM-2026-0056,NNEP-R0056,office@threadteamwearllc.example,emh_4eadd10e07,R_BM_000021,2026-05-27T08:59:01Z,Thread Teamwear LLC,Canada/Other,6-10 employees,6-10 employees,$100k-$250k,23,21+,8,Custom embroidery,Competitor-based,97,1.34,6,150,False,No,True,Published percentage/flat fee,True,Rarely,When costs change,4,Confident,Acceptable,False
BM-2026-0058,NNEP-R0058,info@redbarnwearablescompan.example,emh_f5a11766ea,R_BM_000022,2026-03-27T13:55:11Z,Red Barn Wearables Company,West,Solo owner/operator,Solo owner/operator,Under $50k,9,6-10,2,Mixed services,Informal/custom quote,57,1.12,0,100,False,No,False,No,False,Sometimes,Annually,3,Somewhat confident,Struggling,True
BM-2026-0064,NNEP-R0064,quotes1@mainstreetthreadsstudi.example,emh_836e20fbc8,R_BM_000023,2026-03-25T20:40:56Z,Main Street Threads Studio,Northeast,2-5 employees,2-5 employees,$500k-$1M,12,11-20,3,Custom embroidery,Stitch-count based,115,1.88,6,150,False,No,False,No,False,Sometimes,Annually,3,Somewhat confident,Acceptable,False
BM-2026-0069,NNEP-R0069,office@goldendigitizingllc.example,emh_a1cfb7a528,R_BM_000024,2026-03-22T03:59:43Z,Golden Digitizing LLC,West,Solo owner/operator,Solo owner/operator,Under $50k,5,2-5,1,Custom embroidery,Cost-plus,88,1.86,12,75,True,Always/standard,False,No,False,Sometimes,When costs change,2,Slightly confident,Good,True
BM-2026-0070,NNEP-R0070,info@cedarworkscompany.example,emh_28961dbcf1,R_BM_000025,2026-06-11T18:58:44Z,Cedar Works Company,Midwest,6-10 employees,6-10 employees,$1M+,8,6-10,10,Custom embroidery,Cost-plus,130,1.32,6,100,True,Always/standard,False,No,False,Sometimes,When costs change,3,Somewhat confident,Very strong,True
BM-2026-0077,NNEP-R0077,office@hooplogoshopgroup.example,emh_b327bcd054,R_BM_000026,2026-05-10T20:48:49Z,Hoop Logo Shop Group,West,2-5 employees,2-5 employees,$100k-$250k,12,11-20,2,Decorated apparel,Hourly rate,102,1.24,12,100,True,Always/standard,True,Published percentage/flat fee,False,Sometimes,Rarely/never,4,Confident,Struggling,True
BM-2026-0079,NNEP-R0079,contact2@lakesidedigitizinggrou.example,emh_f593e51656,R_BM_000027,2026-04-12T04:25:31Z,Lakeside Digitizing Group,Northeast,Solo owner/operator,Solo owner/operator,$50k-$100k,0,<2,3,Decorated apparel,Hybrid/job costing,65,1.54,12,0,False,No,True,Case-by-case,False,Frequently,Rarely/never,4,Confident,Acceptable,False
BM-2026-0084,NNEP-R0084,quotes@lakesideteamwearshop.example,emh_95210fbb78,R_BM_000028,2026-03-18T12:19:21Z,Lakeside Teamwear Shop,Northeast,2-5 employees,2-5 employees,$100k-$250k,0,<2,4,Mixed services,Hybrid/job costing,73,1.18,24,100,True,Always/standard,True,Published percentage/flat fee,True,Rarely,Annually,4,Confident,Good,False
BM-2026-0087,NNEP-R0087,quotes@silverwearablesshop.example,emh_c1c33e9f83,R_BM_000029,2026-06-04T20:34:34Z,Silver Wearables Shop,South,Solo owner/operator,Solo owner/operator,Under $50k,0,<2,2,Custom embroidery,Value-based,85,1.36,0,100,True,Sometimes/depends,False,No,False,Frequently,When costs change,1,Not confident,Variable,False
BM-2026-0088,NNEP-R0088,sales@magnoliateamwearllc.example,emh_5afaff8e8b,R_BM_000030,2026-05-02T07:26:32Z,Magnolia Teamwear LLC,Midwest,2-5 employees,2-5 employees,$100k-$250k,9,6-10,2,Custom embroidery,Stitch-count based,102,1.26,0,75,True,Sometimes/depends,True,Case-by-case,False,Never,Rarely/never,1,Not confident,Good,False
BM-2026-0089,NNEP-R0089,info@mainstreetembroideryst.example,emh_0065f75da6,R_BM_000031,2026-04-23T21:44:12Z,Main Street Embroidery Studio,South,Solo owner/operator,Solo owner/operator,Under $50k,1,<2,1,Custom embroidery,Cost-plus,77,0.91,6,75,True,Sometimes/depends,True,Case-by-case,False,Frequently,Rarely/never,4,Confident,Variable,False
BM-2026-0090,NNEP-R0090,owner@lakesidethreadsstudio.example,emh_5bf13c68af,R_BM_000032,2026-05-10T22:19:42Z,Lakeside Threads Studio,South,Solo owner/operator,Solo owner/operator,$100k-$250k,4,2-5,2,Promotional products,Informal/custom quote,71,1.24,24,25,False,No,False,No,False,Sometimes,Annually,2,Slightly confident,Very strong,False
BM-2026-0091,NNEP-R0091,hello@crowndesignscompany.example,emh_c4fd8c1ebf,R_BM_000033,2026-06-07T10:02:10Z,Crown Designs Company,West,6-10 employees,6-10 employees,$1M+,19,11-20,6,Mixed services,Competitor-based,116,1.06,0,35,True,Sometimes/depends,True,Case-by-case,False,Sometimes,Rarely/never,4,Confident,Struggling,True
BM-2026-0092,NNEP-R0092,contact@riverembroideryllc.example,emh_c9a332889c,R_BM_000034,2026-05-01T04:05:31Z,River Embroidery LLC,Midwest,Solo owner/operator,Solo owner/operator,$100k-$250k,10,6-10,1,Custom embroidery,Informal/custom quote,68,1.11,6,100,False,No,False,No,False,Frequently,Before every quote,3,Somewhat confident,Good,True
BM-2026-0093,NNEP-R0093,info@prairieneedleworksstud.example,emh_b249aafab0,R_BM_000035,2026-03-23T17:58:54Z,Prairie Needleworks Studio,Midwest,11-25 employees,11-25 employees,$500k-$1M,21,21+,15,Contract embroidery,Hybrid/job costing,150,1.55,6,50,True,Always/standard,True,Published percentage/flat fee,False,Rarely,Quarterly,4,Confident,Good,False
BM-2026-0095,NNEP-R0095,quotes@heritagestudioshop.example,emh_97a3c5fdef,R_BM_000036,2026-05-06T07:28:01Z,Heritage Studio Shop,Midwest,2-5 employees,2-5 employees,$100k-$250k,5,2-5,8,Decorated apparel,Stitch-count based,113,1.37,0,50,True,Sometimes/depends,False,No,False,Sometimes,When costs change,2,Slightly confident,Good,False
BM-2026-0096,NNEP-R0096,quotes@hoopdigitizinggroup.example,emh_23a3e4f74b,R_BM_000037,2026-05-24T07:48:08Z,Hoop Digitizing Group,Canada/Other,Solo owner/operator,Solo owner/operator,Under $50k,4,2-5,2,Custom embroidery,Hybrid/job costing,92,1.81,36,100,True,Always/standard,True,Published percentage/flat fee,False,Sometimes,Annually,5,Very confident,Variable,False
BM-2026-0101,NNEP-R0101,quotes@mapledigitizing.example,emh_645ca2d766,R_BM_000038,2026-05-20T05:47:58Z,Maple Digitizing,Midwest,Solo owner/operator,Solo owner/operator,Under $50k,1,<2,2,Contract embroidery,Hourly rate,102,1.41,6,35,False,No,True,Published percentage/flat fee,False,Rarely,Quarterly,2,Slightly confident,Variable,False
BM-2026-0105,NNEP-R0105,info@redbarnapparelgroup.example,emh_70cd0ca372,R_BM_000039,2026-06-07T04:30:50Z,Red Barn Apparel Group,Midwest,2-5 employees,2-5 employees,$250k-$500k,1,<2,3,Team/school spiritwear,Informal/custom quote,71,1.11,24,50,False,No,True,Case-by-case,False,Sometimes,Rarely/never,5,Very confident,Struggling,True
BM-2026-0110,NNEP-R0110,sales@lakesidewearablesllc.example,emh_4756c4d109,R_BM_000040,2026-06-04T18:26:59Z,Lakeside Wearables LLC,West,Solo owner/operator,Solo owner/operator,Under $50k,5,2-5,4,Team/school spiritwear,Informal/custom quote,83,1.36,1,35,False,No,False,No,False,Rarely,Rarely/never,5,Very confident,Good,True
BM-2026-0114,NNEP-R0114,quotes2@luckycustomsllc.example,emh_e833468f2b,R_BM_000041,2026-04-02T10:08:22Z,Lucky Customs LLC,South,2-5 employees,2-5 employees,Under $50k,5,2-5,6,Decorated apparel,Value-based,71,1.28,12,50,True,Sometimes/depends,False,No,True,Sometimes,When costs change,4,Confident,Variable,False
BM-2026-0128,NNEP-R0128,quotes@riverstitchcollc.example,emh_152bc46452,R_BM_000042,2026-04-02T01:22:59Z,River Stitch Co. LLC,Midwest,6-10 employees,6-10 employees,$500k-$1M,14,11-20,5,Mixed services,Hybrid/job costing,95,1.46,0,150,True,Always/standard,True,Published percentage/flat fee,False,Sometimes,When costs change,2,Slightly confident,Variable,False
BM-2026-0129,NNEP-R0129,contact@heritageteamweargroup.example,emh_78be9d1353,R_BM_000043,2026-04-15T02:42:58Z,Heritage Teamwear Group,Northeast,2-5 employees,2-5 employees,$500k-$1M,24,21+,2,Custom embroidery,Competitor-based,150,1.48,12,50,True,Always/standard,True,Published percentage/flat fee,True,Sometimes,Before every quote,5,Very confident,Acceptable,True
BM-2026-0132,NNEP-R0132,quotes@cedarteamwearcollectiv.example,emh_379410fd8c,R_BM_000044,2026-05-20T23:02:04Z,Cedar Teamwear Collective,Northeast,2-5 employees,2-5 employees,$250k-$500k,11,11-20,4,Custom embroidery,Cost-plus,94,1.39,1,75,True,Sometimes/depends,True,Case-by-case,False,Rarely,Rarely/never,1,Not confident,Good,True
BM-2026-0134,NNEP-R0134,info@hoopdigitizingcollecti.example,emh_eee816b38b,R_BM_000045,2026-05-21T22:58:43Z,Hoop Digitizing Collective,Northeast,Solo owner/operator,Solo owner/operator,$100k-$250k,7,6-10,3,Mixed services,Informal/custom quote,53,1.05,12,150,False,No,False,No,True,Frequently,Rarely/never,1,Not confident,Variable,False
BM-2026-0140,NNEP-R0140,contact@summitapparel.example,emh_e03c1b0685,R_BM_000046,2026-04-02T18:08:40Z,Summit Apparel,South,2-5 employees,2-5 employees,$500k-$1M,15,11-20,6,Custom embroidery,Hourly rate,85,1.52,12,150,False,No,True,Case-by-case,True,Sometimes,Rarely/never,3,Somewhat confident,Very strong,False
BM-2026-0149,NNEP-R0149,contact2@urbandecoratedgoodscol.example,emh_d5054b0a85,R_BM_000047,2026-04-10T20:46:09Z,Urban Decorated Goods Collective,South,2-5 employees,2-5 employees,$100k-$250k,6,6-10,2,Decorated apparel,Competitor-based,51,1.12,0,75,False,No,False,No,True,Sometimes,Rarely/never,2,Slightly confident,Good,True
BM-2026-0153,NNEP-R0153,owner@sunrisemonogramscompan.example,emh_422a8f4b36,R_BM_000048,2026-05-06T02:40:01Z,Sunrise Monograms Company,Northeast,26+ employees,26+ employees,$1M+,36,21+,8,Promotional products,Cost-plus,165,1.53,12,150,False,No,True,Published percentage/flat fee,False,Never,When costs change,4,Confident,Acceptable,True
BM-2026-0155,NNEP-R0155,office1@silverteamwearllc.example,emh_61c06b45c4,R_BM_000049,2026-05-12T08:01:01Z,Silver Teamwear LLC,Northeast,2-5 employees,2-5 employees,$1M+,32,21+,4,Custom embroidery,Hybrid/job costing,137,1.53,1,75,True,Always/standard,True,Published percentage/flat fee,False,Rarely,Quarterly,2,Slightly confident,Good,True
BM-2026-0163,NNEP-R0163,hello@lakesidelogoshopcollec.example,emh_7613fe54fe,R_BM_000050,2026-03-18T04:40:57Z,Lakeside Logo Shop Collective,Midwest,2-5 employees,2-5 employees,$1M+,14,11-20,10,Decorated apparel,Cost-plus,95,1.62,0,150,False,No,True,Published percentage/flat fee,False,Sometimes,Before every quote,4,Confident,Acceptable,False
BM-2026-0165,NNEP-R0165,quotes@mainstreetdecoratedgoo.example,emh_347f531176,R_BM_000051,2026-04-22T20:10:34Z,Main Street Decorated Goods LLC,West,6-10 employees,6-10 employees,$1M+,11,11-20,6,Custom embroidery,Cost-plus,105,1.84,36,50,True,Always/standard,True,Published percentage/flat fee,False,Rarely,Quarterly,4,Confident,Variable,False
BM-2026-0168,NNEP-R0168,owner@brightcustomscollectiv.example,emh_041937ff3b,R_BM_000052,2026-03-24T14:25:02Z,Bright Customs Collective,Midwest,2-5 employees,2-5 employees,Under $50k,9,6-10,2,Team/school spiritwear,Hybrid/job costing,93,1.01,24,100,False,No,False,No,False,Sometimes,When costs change,4,Confident,Acceptable,True
BM-2026-0169,NNEP-R0169,hello@rivercreative.example,emh_c2bd8b3287,R_BM_000053,2026-05-02T22:35:56Z,River Creative,West,2-5 employees,2-5 employees,$50k-$100k,25,21+,1,Custom embroidery,Cost-plus,141,1.91,12,75,True,Always/standard,True,Published percentage/flat fee,True,Never,When costs change,5,Very confident,Struggling,False
BM-2026-0171,NNEP-R0171,sales@luckyprintstitchshop.example,emh_9b600f4ca6,R_BM_000054,2026-05-10T06:12:17Z,Lucky Print & Stitch Shop,Midwest,Solo owner/operator,Solo owner/operator,Under $50k,11,11-20,4,Custom embroidery,Competitor-based,27,0.54,0,75,True,Sometimes/depends,False,No,False,Frequently,Rarely/never,1,Not confident,Very strong,True
BM-2026-0174,NNEP-R0174,office@heritageneedleworkscom.example,emh_f30e7a697a,R_BM_000055,2026-03-23T11:31:28Z,Heritage Needleworks Company,Midwest,Solo owner/operator,Solo owner/operator,$500k-$1M,0,<2,2,Custom embroidery,Competitor-based,51,1.16,0,25,False,No,False,No,True,Never,Rarely/never,1,Not confident,Good,False
BM-2026-0181,NNEP-R0181,contact@silvercreativestudio.example,emh_3526f573e7,R_BM_000056,2026-03-21T07:30:26Z,Silver Creative Studio,West,2-5 employees,2-5 employees,$250k-$500k,24,21+,10,Mixed services,Hybrid/job costing,92,0.99,6,50,True,Always/standard,False,No,True,Sometimes,Annually,3,Somewhat confident,Variable,True
BM-2026-0184,NNEP-R0184,contact2@magnoliaworkscollectiv.example,emh_3651a3b2ef,R_BM_000057,2026-06-08T06:54:18Z,Magnolia Works Collective,South,6-10 employees,6-10 employees,$100k-$250k,10,6-10,4,Custom embroidery,Hybrid/job costing,102,2.17,0,100,False,No,False,No,True,Rarely,Before every quote,5,Very confident,Good,True
BM-2026-0189,NNEP-R0189,sales@prairiestudiocollectiv.example,emh_7b8d1e77ed,R_BM_000058,2026-04-01T14:25:49Z,Prairie Studio Collective,West,Solo owner/operator,Solo owner/operator,$250k-$500k,9,6-10,2,Decorated apparel,Cost-plus,92,1.37,6,75,False,No,False,No,True,Sometimes,Rarely/never,3,Somewhat confident,Acceptable,True
BM-2026-0191,NNEP-R0191,owner2@maplestudiocollective.example,emh_fa69f8ff92,R_BM_000059,2026-05-23T01:12:02Z,Maple Studio Collective,West,2-5 employees,2-5 employees,$1M+,10,6-10,3,Promotional products,Informal/custom quote,68,0.9,24,50,True,Sometimes/depends,False,No,False,Sometimes,Annually,3,Somewhat confident,Acceptable,False
BM-2026-0197,NNEP-R0197,info@summitlogoshopstudio.example,emh_015342e155,R_BM_000060,2026-03-29T08:29:19Z,Summit Logo Shop Studio,Midwest,Solo owner/operator,Solo owner/operator,Under $50k,3,2-5,1,Promotional products,Informal/custom quote,57,1.04,12,50,False,No,False,No,False,Frequently,When costs change,1,Not confident,Struggling,True
BM-2026-0199,NNEP-R0199,hello@crownprintstitchstudio.example,emh_c46b5021bb,R_BM_000061,2026-04-28T21:42:30Z,Crown Print & Stitch Studio,Northeast,Solo owner/operator,Solo owner/operator,Under $50k,6,6-10,1,Decorated apparel,Stitch-count based,48,0.75,1,100,False,No,False,No,False,Sometimes,Rarely/never,1,Not confident,Variable,False
BM-2026-0211,NNEP-R0211,info1@oakstitchcocompany.example,emh_f02ba2f087,R_BM_000062,2026-03-29T18:56:32Z,Oak Stitch Co. Company,West,2-5 employees,2-5 employees,$250k-$500k,1,<2,2,Custom embroidery,Hourly rate,118,1.72,6,100,True,Always/standard,True,Published percentage/flat fee,True,Rarely,Before every quote,3,Somewhat confident,Very strong,False
BM-2026-0212,NNEP-R0212,owner2@hoopdesignscompany.example,emh_bd002e9186,R_BM_000063,2026-06-04T12:02:38Z,Hoop Designs Company,Northeast,26+ employees,26+ employees,$500k-$1M,2,2-5,15,Mixed services,Hybrid/job costing,136,1.62,0,50,True,Always/standard,False,No,True,Sometimes,Annually,4,Confident,Variable,False
BM-2026-0218,NNEP-R0218,hello@prairiedigitizingcompa.example,emh_30841de1f6,R_BM_000064,2026-06-11T04:41:48Z,Prairie Digitizing Company,West,2-5 employees,2-5 employees,$50k-$100k,0,<2,6,Custom embroidery,Hybrid/job costing,30,0.95,24,0,True,Sometimes/depends,False,No,True,Sometimes,Annually,3,Somewhat confident,Variable,False
BM-2026-0220,NNEP-R0220,owner@crownbrandinggroup.example,emh_7e84cab582,R_BM_000065,2026-05-22T17:24:14Z,Crown Branding Group,Northeast,26+ employees,26+ employees,$500k-$1M,19,11-20,12,Decorated apparel,Hybrid/job costing,129,1.69,12,100,True,Always/standard,True,Published percentage/flat fee,False,Rarely,Annually,5,Very confident,Very strong,False
BM-2026-0228,NNEP-R0228,owner@riverthreadscollective.example,emh_73b8dd5ea0,R_BM_000066,2026-04-12T00:50:57Z,River Threads Collective,Midwest,Solo owner/operator,Solo owner/operator,$250k-$500k,7,6-10,1,Contract embroidery,Stitch-count based,82,0.69,12,50,True,Sometimes/depends,True,Published percentage/flat fee,False,Sometimes,Annually,2,Slightly confident,Very strong,False
BM-2026-0231,NNEP-R0231,hello@riverdigitizingllc.example,emh_ade84d3fd4,R_BM_000067,2026-03-22T03:57:20Z,River Digitizing LLC,Northeast,26+ employees,26+ employees,$250k-$500k,15,11-20,10,Decorated apparel,Hourly rate,160,1.08,24,75,True,Always/standard,True,Published percentage/flat fee,False,Sometimes,Quarterly,5,Very confident,Good,False
BM-2026-0234,NNEP-R0234,office@needlemonogramsshop.example,emh_e4b2f5bfe1,R_BM_000068,2026-06-03T14:23:35Z,Needle Monograms Shop,West,6-10 employees,6-10 employees,$500k-$1M,18,11-20,4,Custom embroidery,Cost-plus,126,1.32,0,50,False,No,True,Published percentage/flat fee,False,Sometimes,When costs change,5,Very confident,Very strong,True
BM-2026-0245,NNEP-R0245,hello0@magnoliacustomsshop.example,emh_f3514d7f65,R_BM_000069,2026-05-27T15:50:11Z,Magnolia Customs Shop,Northeast,Solo owner/operator,Solo owner/operator,Under $50k,1,<2,1,Custom embroidery,Informal/custom quote,64,0.77,12,100,False,No,False,No,True,Frequently,Before every quote,2,Slightly confident,Good,False
BM-2026-0250,NNEP-R0250,info5@redbarnworksshop.example,emh_af7aa07841,R_BM_000070,2026-05-07T22:46:09Z,Red Barn Works Shop,Northeast,6-10 employees,6-10 employees,$1M+,16,11-20,3,Custom embroidery,Cost-plus,100,1.13,12,100,True,Sometimes/depends,False,No,False,Frequently,Annually,4,Confident,Good,False
BM-2026-0252,NNEP-R0252,info@lakesidecreativellc.example,emh_cbf415516e,R_BM_000071,2026-06-08T05:43:47Z,Lakeside Creative LLC,West,2-5 employees,2-5 employees,$50k-$100k,19,11-20,4,Custom embroidery,Value-based,79,1.29,0,50,False,No,True,Published percentage/flat fee,False,Rarely,Annually,5,Very confident,Very strong,True
BM-2026-0258,NNEP-R0258,hello@sunrisewearablescompan.example,emh_c7a3c34287,R_BM_000072,2026-04-04T18:11:17Z,Sunrise Wearables Company,Canada/Other,Solo owner/operator,Solo owner/operator,$100k-$250k,1,<2,2,Decorated apparel,Hybrid/job costing,90,1.25,6,150,False,No,True,Published percentage/flat fee,False,Rarely,Quarterly,4,Confident,Acceptable,False
BM-2026-0261,NNEP-R0261,office@riverdesignsgroup.example,emh_63fd74a638,R_BM_000073,2026-04-07T02:47:55Z,River Designs Group,Midwest,Solo owner/operator,Solo owner/operator,Under $50k,0,<2,1,Decorated apparel,Informal/custom quote,60,0.78,12,0,False,No,True,Case-by-case,False,Rarely,Rarely/never,2,Slightly confident,Struggling,False
BM-2026-0266,NNEP-R0266,contact@bobbinbrandingllc.example,emh_82d034ab84,R_BM_000074,2026-03-24T00:00:23Z,Bobbin Branding LLC,West,6-10 employees,6-10 employees,$500k-$1M,33,21+,5,Custom embroidery,Hybrid/job costing,139,1.79,24,75,True,Always/standard,False,No,False,Rarely,Annually,4,Confident,Good,True
BM-2026-0269,NNEP-R0269,office@prairieworkscollective.example,emh_3bf56aaf34,R_BM_000075,2026-04-18T15:56:22Z,Prairie Works Collective,Midwest,2-5 employees,2-5 employees,$250k-$500k,7,6-10,1,Promotional products,Informal/custom quote,111,1.08,6,150,False,No,True,Case-by-case,True,Frequently,Annually,3,Somewhat confident,Variable,True
BM-2026-0274,NNEP-R0274,sales@willowworkscompany.example,emh_79d4255e76,R_BM_000076,2026-03-15T11:29:03Z,Willow Works Company,West,2-5 employees,2-5 employees,$250k-$500k,6,6-10,4,Contract embroidery,Stitch-count based,52,0.85,12,25,True,Sometimes/depends,True,Case-by-case,False,Frequently,Rarely/never,2,Slightly confident,Acceptable,True
BM-2026-0288,NNEP-R0288,office1@mapleteamwearcollectiv.example,emh_a50198516c,R_BM_000077,2026-06-09T03:12:13Z,Maple Teamwear Collective,West,2-5 employees,2-5 employees,$100k-$250k,12,11-20,6,Mixed services,Informal/custom quote,106,1.17,1,25,True,Sometimes/depends,True,Published percentage/flat fee,False,Sometimes,When costs change,2,Slightly confident,Variable,False
BM-2026-0294,NNEP-R0294,info@needledesignsshop.example,emh_763c38789a,R_BM_000078,2026-03-20T09:41:43Z,Needle Designs Shop,Midwest,Solo owner/operator,Solo owner/operator,$250k-$500k,7,6-10,3,Promotional products,Stitch-count based,75,1.4,12,0,False,No,True,Case-by-case,False,Rarely,When costs change,1,Not confident,Acceptable,False
BM-2026-0300,NNEP-R0300,info@stitchcreative.example,emh_d3c594bd05,R_BM_000079,2026-04-28T11:44:44Z,Stitch Creative,West,2-5 employees,2-5 employees,$250k-$500k,1,<2,6,Contract embroidery,Hybrid/job costing,89,1.86,12,50,True,Always/standard,True,Published percentage/flat fee,True,Sometimes,Annually,3,Somewhat confident,Very strong,False
BM-2026-0303,NNEP-R0303,sales2@cedarlogoshopcompany.example,emh_07193c09dc,R_BM_000080,2026-04-23T12:34:07Z,Cedar Logo Shop Company,Northeast,11-25 employees,11-25 employees,$1M+,19,11-20,12,Custom embroidery,Hybrid/job costing,162,1.16,0,75,True,Always/standard,True,Published percentage/flat fee,False,Rarely,When costs change,4,Confident,Acceptable,False
BM-2026-0305,NNEP-R0305,office@summitcreativestudio.example,emh_5100ab7836,R_BM_000081,2026-04-11T11:56:29Z,Summit Creative Studio,Midwest,2-5 employees,2-5 employees,$500k-$1M,14,11-20,2,Decorated apparel,Hourly rate,93,1.5,0,150,True,Always/standard,False,No,True,Sometimes,Annually,5,Very confident,Good,False
BM-2026-0306,NNEP-R0306,quotes5@bobbindecoratedgoodsco.example,emh_a23f20f6e3,R_BM_000082,2026-04-13T15:36:04Z,Bobbin Decorated Goods Collective,South,Solo owner/operator,Solo owner/operator,$50k-$100k,8,6-10,1,Promotional products,Hybrid/job costing,89,1.74,6,150,True,Always/standard,False,No,True,Frequently,Annually,2,Slightly confident,Acceptable,False
BM-2026-0307,NNEP-R0307,contact6@oakwearablesstudio.example,emh_4a014b3855,R_BM_000083,2026-04-08T10:15:18Z,Oak Wearables Studio,South,2-5 employees,2-5 employees,$250k-$500k,13,11-20,3,Mixed services,Value-based,116,2.2,12,75,True,Always/standard,True,Published percentage/flat fee,True,Sometimes,Quarterly,4,Confident,Acceptable,True
BM-2026-0309,NNEP-R0309,office1@willowneedleworkscompa.example,emh_6b8faa30e8,R_BM_000084,2026-05-02T10:34:07Z,Willow Needleworks Company,South,Solo owner/operator,Solo owner/operator,$50k-$100k,19,11-20,2,Team/school spiritwear,Hybrid/job costing,87,0.99,36,75,False,No,False,No,False,Sometimes,Annually,4,Confident,Variable,True
BM-2026-0311,NNEP-R0311,contact@prairiedesignsstudio.example,emh_f41eab0c2f,R_BM_000085,2026-03-17T07:50:34Z,Prairie Designs Studio,South,6-10 employees,6-10 employees,$500k-$1M,1,<2,2,Custom embroidery,Cost-plus,98,1.33,0,75,False,No,False,No,False,Rarely,Quarterly,2,Slightly confident,Variable,False
BM-2026-0317,NNEP-R0317,owner@brightdecoratedgoodssh.example,emh_93664f50c6,R_BM_000086,2026-05-18T21:07:50Z,Bright Decorated Goods Shop,South,2-5 employees,2-5 employees,$500k-$1M,6,6-10,2,Decorated apparel,Hybrid/job costing,128,1.8,0,50,False,No,True,Published percentage/flat fee,True,Frequently,Annually,3,Somewhat confident,Very strong,False
BM-2026-0318,NNEP-R0318,sales@hoopcustomscollective.example,emh_260609e6ba,R_BM_000087,2026-03-30T14:58:21Z,Hoop Customs Collective,West,26+ employees,26+ employees,$1M+,26,21+,30,Contract embroidery,Hourly rate,111,1.74,0,150,True,Always/standard,False,No,False,Rarely,Annually,3,Somewhat confident,Good,False
BM-2026-0323,NNEP-R0323,info1@cedarcustomsgroup.example,emh_6d6074faad,R_BM_000088,2026-06-08T13:54:18Z,Cedar Customs Group,South,6-10 employees,6-10 employees,$500k-$1M,9,6-10,6,Team/school spiritwear,Cost-plus,106,1.33,6,25,True,Sometimes/depends,True,Case-by-case,True,Never,Rarely/never,4,Confident,Variable,False
BM-2026-0325,NNEP-R0325,owner@crownprintstitch.example,emh_8dc56baec9,R_BM_000089,2026-03-30T05:53:58Z,Crown Print & Stitch,West,Solo owner/operator,Solo owner/operator,Under $50k,16,11-20,1,Contract embroidery,Hybrid/job costing,98,1.27,12,100,False,No,True,Published percentage/flat fee,False,Sometimes,When costs change,4,Confident,Acceptable,True
BM-2026-0328,NNEP-R0328,hello@brightmonogramsstudio.example,emh_e638365186,R_BM_000090,2026-03-18T05:42:42Z,Bright Monograms Studio,West,Solo owner/operator,Solo owner/operator,Under $50k,20,11-20,4,Custom embroidery,Cost-plus,90,1.31,24,75,True,Always/standard,True,Published percentage/flat fee,True,Rarely,Quarterly,2,Slightly confident,Acceptable,True
BM-2026-0331,NNEP-R0331,owner@mapledecoratedgoodsstu.example,emh_fb9428fd3f,R_BM_000091,2026-03-17T20:57:10Z,Maple Decorated Goods Studio,Northeast,6-10 employees,6-10 employees,$1M+,5,2-5,6,Custom embroidery,Cost-plus,105,1.45,12,75,True,Always/standard,True,Published percentage/flat fee,True,Rarely,Annually,4,Confident,Very strong,True
BM-2026-0334,NNEP-R0334,office@brightstitchco.example,emh_4c91c422f2,R_BM_000092,2026-03-17T15:18:46Z,Bright Stitch Co.,Midwest,Solo owner/operator,Solo owner/operator,$100k-$250k,15,11-20,1,Custom embroidery,Hybrid/job costing,89,1.52,6,75,False,No,True,Published percentage/flat fee,False,Sometimes,When costs change,5,Very confident,Struggling,True
BM-2026-0335,NNEP-R0335,contact@luckyprintstitchllc.example,emh_b81dcbd4b6,R_BM_000093,2026-04-20T09:49:28Z,Lucky Print & Stitch LLC,Midwest,Solo owner/operator,Solo owner/operator,$50k-$100k,6,6-10,2,Mixed services,Stitch-count based,59,0.69,1,50,True,Sometimes/depends,True,Case-by-case,False,Rarely,When costs change,2,Slightly confident,Good,False
BM-2026-0338,NNEP-R0338,contact2@lakesidestitchcollc.example,emh_3984713eb8,R_BM_000094,2026-03-30T01:26:45Z,Lakeside Stitch Co. LLC,Midwest,6-10 employees,6-10 employees,$250k-$500k,22,21+,5,Custom embroidery,Cost-plus,124,1.55,6,75,True,Always/standard,True,Published percentage/flat fee,False,Frequently,Quarterly,5,Very confident,Good,False
BM-2026-0344,NNEP-R0344,sales@summitworksllc.example,emh_346fd56f98,R_BM_000095,2026-04-04T01:59:18Z,Summit Works LLC,Midwest,Solo owner/operator,Solo owner/operator,$250k-$500k,8,6-10,1,Mixed services,Stitch-count based,92,1.01,6,25,False,No,True,Case-by-case,True,Sometimes,When costs change,3,Somewhat confident,Variable,False
BM-2026-0346,NNEP-R0346,owner@summitdesignsstudio.example,emh_dafccced6f,R_BM_000096,2026-03-18T06:17:25Z,Summit Designs Studio,West,2-5 employees,2-5 employees,$100k-$250k,11,11-20,2,Custom embroidery,Informal/custom quote,94,0.77,6,150,True,Sometimes/depends,False,No,False,Sometimes,When costs change,4,Confident,Very strong,False
BM-2026-0347,NNEP-R0347,info@blueridgedesignsshop.example,emh_3f5b07f276,R_BM_000097,2026-04-18T01:40:11Z,Blue Ridge Designs Shop,Northeast,Solo owner/operator,Solo owner/operator,$50k-$100k,7,6-10,2,Team/school spiritwear,Cost-plus,76,1.13,12,0,True,Sometimes/depends,False,No,True,Rarely,Rarely/never,2,Slightly confident,Acceptable,False
BM-2026-0354,NNEP-R0354,contact4@crowncreativeshop.example,emh_0fbb17a40b,R_BM_000098,2026-05-01T06:30:37Z,Crown Creative Shop,Midwest,Solo owner/operator,Solo owner/operator,Under $50k,0,<2,2,Decorated apparel,Stitch-count based,68,1.27,6,100,True,Sometimes/depends,False,No,True,Rarely,Rarely/never,2,Slightly confident,Struggling,False
BM-2026-0362,NNEP-R0362,office5@northstarworksllc1362.example,emh_8d299e3718,R_BM_000099,2026-05-01T07:18:22Z,North Star Works LLC #1362,South,Solo owner/operator,Solo owner/operator,$100k-$250k,19,11-20,1,Custom embroidery,Hybrid/job costing,71,1.8,12,100,True,Always/standard,True,Published percentage/flat fee,False,Rarely,Quarterly,4,Confident,Struggling,False
BM-2026-0370,NNEP-R0370,office6@ironmonogramscompany13.example,emh_4295562655,R_BM_000100,2026-05-11T11:15:58Z,Iron Monograms Company #1370,West,2-5 employees,2-5 employees,$50k-$100k,6,6-10,4,Contract embroidery,Stitch-count based,114,1.75,0,150,True,Always/standard,True,Published percentage/flat fee,True,Never,Annually,4,Confident,Very strong,False
BM-2026-0371,NNEP-R0371,hello@stitchteamwearcollecti.example,emh_5d47e24210,R_BM_000101,2026-05-27T08:51:45Z,Stitch Teamwear Collective #1371,Midwest,2-5 employees,2-5 employees,$1M+,12,11-20,4,Custom embroidery,Hybrid/job costing,65,1.2,12,35,True,Always/standard,True,Published percentage/flat fee,True,Rarely,When costs change,3,Somewhat confident,Very strong,False
BM-2026-0374,NNEP-R0374,hello@blueridgemonogramsshop.example,emh_10e83d5a37,R_BM_000102,2026-04-29T12:13:45Z,Blue Ridge Monograms Shop #1374,Northeast,Solo owner/operator,Solo owner/operator,$500k-$1M,15,11-20,1,Decorated apparel,Cost-plus,65,0.99,24,150,True,Sometimes/depends,False,No,False,Sometimes,Annually,4,Confident,Struggling,True
BM-2026-0375,NNEP-R0375,office@needleprintstitch1375.example,emh_8b113c04b9,R_BM_000103,2026-06-10T13:38:47Z,Needle Print & Stitch #1375,South,Solo owner/operator,Solo owner/operator,$100k-$250k,1,<2,1,Custom embroidery,Hourly rate,59,1.26,6,150,False,No,False,No,False,Sometimes,Rarely/never,3,Somewhat confident,Struggling,False
BM-2026-0377,NNEP-R0377,info@oakwearablesllc1377.example,emh_c7bd5ebbbb,R_BM_000104,2026-03-27T20:40:25Z,Oak Wearables LLC #1377,Midwest,6-10 employees,6-10 employees,$500k-$1M,23,21+,4,Decorated apparel,Value-based,126,1.7,6,150,True,Always/standard,True,Published percentage/flat fee,True,Rarely,Annually,5,Very confident,Very strong,False
BM-2026-0382,NNEP-R0382,sales4@mapleapparelcompany138.example,emh_9d3ac07a33,R_BM_000105,2026-06-05T19:22:18Z,Maple Apparel Company #1382,South,26+ employees,26+ employees,$1M+,13,11-20,30,Decorated apparel,Stitch-count based,129,1.47,1,100,False,No,True,Published percentage/flat fee,True,Sometimes,Quarterly,4,Confident,Acceptable,False
BM-2026-0383,NNEP-R0383,quotes@goldenprintstitchllc13.example,emh_227ba94dba,R_BM_000106,2026-06-08T12:50:11Z,Golden Print & Stitch LLC #1383,Northeast,2-5 employees,2-5 employees,$50k-$100k,24,21+,1,Custom embroidery,Informal/custom quote,65,0.79,0,75,False,No,False,No,False,Sometimes,Annually,1,Not confident,Variable,True
BM-2026-0384,NNEP-R0384,quotes@stitchdecoratedgoodsst.example,emh_d86a7e4488,R_BM_000107,2026-03-20T06:55:03Z,Stitch Decorated Goods Studio #1384,South,Solo owner/operator,Solo owner/operator,Under $50k,4,2-5,2,Contract embroidery,Informal/custom quote,84,0.98,6,150,False,No,True,Case-by-case,True,Frequently,Quarterly,2,Slightly confident,Variable,True
BM-2026-0387,NNEP-R0387,office@riverdecoratedgoodsstu.example,emh_3124e50cdb,R_BM_000108,2026-04-12T13:51:49Z,River Decorated Goods Studio #1387,Canada/Other,26+ employees,26+ employees,$1M+,24,21+,24,Promotional products,Hybrid/job costing,145,1.87,12,150,False,No,True,Published percentage/flat fee,False,Rarely,Quarterly,5,Very confident,Variable,True
BM-2026-0393,NNEP-R0393,office@willowlogoshopshop1393.example,emh_c56b327a4f,R_BM_000109,2026-06-05T13:24:03Z,Willow Logo Shop Shop #1393,Northeast,Solo owner/operator,Solo owner/operator,Under $50k,0,<2,2,Mixed services,Informal/custom quote,51,1.15,6,150,True,Sometimes/depends,False,No,False,Sometimes,Rarely/never,1,Not confident,Good,True
BM-2026-0394,NNEP-R0394,hello2@mapledecoratedgoodsstu.example,emh_b184336d30,R_BM_000110,2026-05-02T06:53:46Z,Maple Decorated Goods Studio #1394,South,6-10 employees,6-10 employees,$250k-$500k,0,<2,5,Custom embroidery,Cost-plus,75,1.37,6,35,False,No,False,No,False,Rarely,When costs change,4,Confident,Struggling,True
BM-2026-0399,NNEP-R0399,contact0@ironcreative1399.example,emh_9a71851196,R_BM_000111,2026-04-18T13:01:29Z,Iron Creative #1399,West,Solo owner/operator,Solo owner/operator,$100k-$250k,8,6-10,1,Decorated apparel,Hourly rate,106,1.51,12,150,True,Always/standard,False,No,False,Sometimes,Before every quote,5,Very confident,Good,True
BM-2026-0402,NNEP-R0402,quotes@blueridgestudio1402.example,emh_70dd19a2de,R_BM_000112,2026-05-17T19:09:33Z,Blue Ridge Studio #1402,Midwest,Solo owner/operator,Solo owner/operator,$100k-$250k,9,6-10,1,Promotional products,Hourly rate,74,1.16,12,25,False,No,False,No,False,Sometimes,When costs change,3,Somewhat confident,Acceptable,False
BM-2026-0403,NNEP-R0403,quotes@willowstudiostudio1403.example,emh_e4aa1679da,R_BM_000113,2026-06-08T18:45:53Z,Willow Studio Studio #1403,Northeast,6-10 employees,6-10 employees,$100k-$250k,0,<2,2,Team/school spiritwear,Informal/custom quote,89,1.34,12,100,False,No,True,Case-by-case,False,Frequently,Rarely/never,3,Somewhat confident,Struggling,True
BM-2026-0412,NNEP-R0412,info@blueridgedecoratedgood.example,emh_d00fdbc5d7,R_BM_000114,2026-04-05T23:34:06Z,Blue Ridge Decorated Goods Collective #1412,Northeast,Solo owner/operator,Solo owner/operator,$50k-$100k,4,2-5,3,Contract embroidery,Informal/custom quote,56,0.95,12,75,False,No,False,No,False,Rarely,When costs change,2,Slightly confident,Variable,True
BM-2026-0413,NNEP-R0413,owner0@riverwearablescompany1.example,emh_1dc77f01e5,R_BM_000115,2026-05-24T12:17:27Z,River Wearables Company #1413,Northeast,2-5 employees,2-5 employees,$100k-$250k,15,11-20,1,Custom embroidery,Informal/custom quote,78,1.17,12,25,True,Sometimes/depends,False,No,False,Frequently,When costs change,3,Somewhat confident,Very strong,True
BM-2026-0415,NNEP-R0415,office@cedarcustomscollective.example,emh_6903a3c879,R_BM_000116,2026-05-27T05:23:20Z,Cedar Customs Collective #1415,Midwest,11-25 employees,11-25 employees,$1M+,17,11-20,15,Custom embroidery,Hybrid/job costing,158,1.53,12,75,True,Always/standard,False,No,True,Frequently,Quarterly,5,Very confident,Good,False
BM-2026-0417,NNEP-R0417,info@redbarnapparelstudio14.example,emh_5ecfd866b6,R_BM_000117,2026-03-18T06:11:10Z,Red Barn Apparel Studio #1417,Midwest,2-5 employees,2-5 employees,$500k-$1M,21,21+,3,Contract embroidery,Hybrid/job costing,114,1.51,6,100,True,Always/standard,False,No,True,Never,When costs change,3,Somewhat confident,Variable,False
BM-2026-0423,NNEP-R0423,info@redbarncreativecollect.example,emh_302f82ed75,R_BM_000118,2026-05-23T15:12:02Z,Red Barn Creative Collective #1423,Midwest,2-5 employees,2-5 employees,$250k-$500k,11,11-20,6,Custom embroidery,Informal/custom quote,107,0.84,1,50,False,No,False,No,False,Never,Rarely/never,1,Not confident,Struggling,True
BM-2026-0425,NNEP-R0425,office5@stitchcreativecompany1.example,emh_e2f6215931,R_BM_000119,2026-05-29T17:36:42Z,Stitch Creative Company #1425,West,11-25 employees,11-25 employees,$500k-$1M,13,11-20,12,Custom embroidery,Value-based,131,1.49,12,100,False,No,True,Published percentage/flat fee,False,Sometimes,Annually,4,Confident,Acceptable,False
BM-2026-0433,NNEP-R0433,quotes@bobbincreativestudio14.example,emh_6c092b8208,R_BM_000120,2026-05-14T16:26:39Z,Bobbin Creative Studio #1433,Midwest,Solo owner/operator,Solo owner/operator,$50k-$100k,0,<2,1,Team/school spiritwear,Informal/custom quote,64,0.99,6,50,False,No,False,No,True,Rarely,Rarely/never,3,Somewhat confident,Good,False
BM-2026-0442,NNEP-R0442,office@sunrisecreativestudio1.example,emh_e5ca5eab24,R_BM_000121,2026-04-08T06:52:45Z,Sunrise Creative Studio #1442,South,6-10 employees,6-10 employees,$1M+,10,6-10,2,Custom embroidery,Stitch-count based,110,1.62,6,25,False,No,True,Case-by-case,False,Never,Before every quote,2,Slightly confident,Very strong,False
BM-2026-0443,NNEP-R0443,contact@stitchapparelstudio144.example,emh_922bca7521,R_BM_000122,2026-03-23T04:41:20Z,Stitch Apparel Studio #1443,Northeast,2-5 employees,2-5 employees,$50k-$100k,1,<2,3,Decorated apparel,Value-based,119,1.27,1,75,True,Always/standard,True,Published percentage/flat fee,True,Sometimes,Annually,3,Somewhat confident,Struggling,True
BM-2026-0446,NNEP-R0446,quotes5@northstarapparelstudio.example,emh_b99e5eee73,R_BM_000123,2026-03-18T00:28:14Z,North Star Apparel Studio #1446,Midwest,11-25 employees,11-25 employees,$250k-$500k,2,2-5,10,Decorated apparel,Informal/custom quote,130,1.55,36,35,True,Sometimes/depends,False,No,False,Rarely,When costs change,5,Very confident,Acceptable,False
BM-2026-0452,NNEP-R0452,quotes@urbanapparelstudio1452.example,emh_8afb0e0ab9,R_BM_000124,2026-05-17T03:33:19Z,Urban Apparel Studio #1452,Northeast,11-25 employees,11-25 employees,$1M+,1,<2,10,Custom embroidery,Stitch-count based,116,1.31,12,150,False,No,True,Published percentage/flat fee,False,Frequently,Before every quote,3,Somewhat confident,Good,True
BM-2026-0453,NNEP-R0453,owner@goldenthreadsstudio145.example,emh_97721efc8e,R_BM_000125,2026-04-11T08:56:36Z,Golden Threads Studio #1453,South,26+ employees,26+ employees,$500k-$1M,18,11-20,15,Decorated apparel,Hybrid/job costing,161,1.48,24,150,False,No,True,Published percentage/flat fee,True,Sometimes,Annually,5,Very confident,Acceptable,True
BM-2026-0462,NNEP-R0462,hello@prairielogoshopcompany.example,emh_dcc929c9a7,R_BM_000126,2026-06-02T01:17:03Z,Prairie Logo Shop Company #1462,Northeast,2-5 employees,2-5 employees,$50k-$100k,12,11-20,3,Promotional products,Stitch-count based,73,1.39,6,35,False,No,False,No,False,Sometimes,Quarterly,2,Slightly confident,Good,False
BM-2026-0465,NNEP-R0465,info@willowlogoshopllc1465.example,emh_539f2006d4,R_BM_000127,2026-03-17T05:42:45Z,Willow Logo Shop LLC #1465,Midwest,2-5 employees,2-5 employees,$500k-$1M,14,11-20,1,Decorated apparel,Hourly rate,106,1.36,0,0,False,No,False,No,True,Rarely,Annually,4,Confident,Good,True
BM-2026-0470,NNEP-R0470,owner@luckythreads1470.example,emh_aeed6d600f,R_BM_000128,2026-05-29T00:50:58Z,Lucky Threads #1470,South,2-5 employees,2-5 employees,$1M+,2,2-5,6,Custom embroidery,Hybrid/job costing,107,1.47,12,0,True,Sometimes/depends,True,Case-by-case,True,Sometimes,Annually,2,Slightly confident,Very strong,False
BM-2026-0473,NNEP-R0473,info4@threadcustomsstudio147.example,emh_49e36bf563,R_BM_000129,2026-03-23T08:23:39Z,Thread Customs Studio #1473,Midwest,2-5 employees,2-5 employees,$100k-$250k,6,6-10,3,Promotional products,Cost-plus,83,1.43,12,0,True,Sometimes/depends,True,Published percentage/flat fee,True,Frequently,Rarely/never,2,Slightly confident,Good,True
BM-2026-0475,NNEP-R0475,hello@prairiedigitizingstudi.example,emh_702d28ba65,R_BM_000130,2026-05-30T18:34:14Z,Prairie Digitizing Studio #1475,West,2-5 employees,2-5 employees,$100k-$250k,9,6-10,2,Decorated apparel,Stitch-count based,62,1.94,12,0,False,No,False,No,True,Sometimes,Before every quote,3,Somewhat confident,Good,False
BM-2026-0476,NNEP-R0476,info@blueridgedecoratedgood.example,emh_d00fdbc5d7,R_BM_000131,2026-03-24T10:21:32Z,Blue Ridge Decorated Goods Studio #1476,Northeast,2-5 employees,2-5 employees,$50k-$100k,15,11-20,3,Custom embroidery,Value-based,98,1.35,12,100,True,Always/standard,True,Published percentage/flat fee,True,Rarely,Quarterly,5,Very confident,Acceptable,False
BM-2026-0479,NNEP-R0479,sales@magnoliaworkscollectiv.example,emh_3fef479b3f,R_BM_000132,2026-05-19T03:26:27Z,Magnolia Works Collective #1479,West,Solo owner/operator,Solo owner/operator,$500k-$1M,21,21+,2,Mixed services,Hourly rate,89,1.01,0,35,False,No,True,Case-by-case,True,Frequently,When costs change,4,Confident,Good,True
BM-2026-0483,NNEP-R0483,office@sunrisecustomscollecti.example,emh_8c8f56537c,R_BM_000133,2026-03-20T13:57:51Z,Sunrise Customs Collective #1483,Midwest,Solo owner/operator,Solo owner/operator,$100k-$250k,6,6-10,1,Mixed services,Cost-plus,127,1.84,0,50,False,No,False,No,True,Sometimes,When costs change,2,Slightly confident,Very strong,True
BM-2026-0484,NNEP-R0484,quotes@heritageteamweargroup1.example,emh_6cbb6be5a6,R_BM_000134,2026-05-17T07:50:46Z,Heritage Teamwear Group #1484,South,Solo owner/operator,Solo owner/operator,Under $50k,1,<2,3,Promotional products,Hybrid/job costing,41,1.05,12,100,False,No,False,No,True,Rarely,Quarterly,4,Confident,Good,True
BM-2026-0485,NNEP-R0485,owner2@luckystudiogroup1485.example,emh_3351ad314a,R_BM_000135,2026-05-08T01:44:18Z,Lucky Studio Group #1485,Midwest,6-10 employees,6-10 employees,Under $50k,1,<2,3,Contract embroidery,Cost-plus,88,1.01,0,75,True,Always/standard,False,No,False,Sometimes,Annually,5,Very confident,Good,True
BM-2026-0487,NNEP-R0487,owner@oaklogoshopllc1487.example,emh_23116f948f,R_BM_000136,2026-03-27T18:18:21Z,Oak Logo Shop LLC #1487,Northeast,11-25 employees,11-25 employees,$1M+,16,11-20,8,Contract embroidery,Competitor-based,123,1.7,36,75,False,No,False,No,True,Frequently,Annually,3,Somewhat confident,Good,True
BM-2026-0489,NNEP-R0489,owner6@oakdesigns1489.example,emh_6df32fb305,R_BM_000137,2026-03-18T09:54:13Z,Oak Designs #1489,South,Solo owner/operator,Solo owner/operator,$250k-$500k,14,11-20,1,Decorated apparel,Hybrid/job costing,73,1.36,6,75,True,Always/standard,True,Published percentage/flat fee,True,Rarely,Rarely/never,5,Very confident,Acceptable,True
BM-2026-0496,NNEP-R0496,quotes@willowlogoshopcompany1.example,emh_eeb4c188cf,R_BM_000138,2026-03-31T02:33:45Z,Willow Logo Shop Company #1496,Northeast,Solo owner/operator,Solo owner/operator,$50k-$100k,27,21+,4,Mixed services,Hybrid/job costing,108,1.44,6,100,True,Always/standard,True,Published percentage/flat fee,True,Rarely,Annually,5,Very confident,Acceptable,False
BM-2026-0500,NNEP-R0500,sales@brightembroidery1500.example,emh_244fa670ae,R_BM_000139,2026-06-07T16:27:45Z,Bright Embroidery #1500,Northeast,6-10 employees,6-10 employees,$100k-$250k,5,2-5,10,Custom embroidery,Hybrid/job costing,97,1.58,0,150,False,No,False,No,True,Never,Annually,5,Very confident,Variable,True
BM-2026-0507,NNEP-R0507,quotes@northstardecoratedgood.example,emh_e418ac64c0,R_BM_000140,2026-05-27T11:55:31Z,North Star Decorated Goods Shop #1507,Northeast,Solo owner/operator,Solo owner/operator,$50k-$100k,16,11-20,1,Promotional products,Stitch-count based,76,1.44,12,25,True,Sometimes/depends,False,No,False,Sometimes,Rarely/never,1,Not confident,Variable,False
BM-2026-0521,NNEP-R0521,hello3@heritagelogoshopcollec.example,emh_df4e46d0f5,R_BM_000141,2026-06-03T21:51:44Z,Heritage Logo Shop Collective #1521,Northeast,Solo owner/operator,Solo owner/operator,$100k-$250k,7,6-10,1,Promotional products,Cost-plus,105,1.01,24,0,True,Always/standard,True,Published percentage/flat fee,False,Never,Rarely/never,3,Somewhat confident,Variable,True
BM-2026-0524,NNEP-R0524,office6@urbancustomscompany152.example,emh_a72da62d05,R_BM_000142,2026-04-25T03:47:17Z,Urban Customs Company #1524,South,26+ employees,26+ employees,$250k-$500k,26,21+,10,Mixed services,Informal/custom quote,122,1.11,0,150,True,Always/standard,True,Published percentage/flat fee,False,Rarely,Before every quote,3,Somewhat confident,Acceptable,False
BM-2026-0525,NNEP-R0525,sales@riverapparelshop1525.example,emh_6bb37afc8f,R_BM_000143,2026-04-20T09:38:01Z,River Apparel Shop #1525,South,Solo owner/operator,Solo owner/operator,Under $50k,2,2-5,1,Mixed services,Stitch-count based,79,1.93,12,100,True,Always/standard,False,No,True,Sometimes,Annually,3,Somewhat confident,Good,True
BM-2026-0533,NNEP-R0533,owner@magnoliacreative1533.example,emh_b6d4bf1710,R_BM_000144,2026-06-08T00:39:39Z,Magnolia Creative #1533,South,Solo owner/operator,Solo owner/operator,$500k-$1M,8,6-10,1,Promotional products,Hybrid/job costing,74,1.41,0,100,False,No,False,No,False,Sometimes,Rarely/never,3,Somewhat confident,Variable,False
BM-2026-0535,NNEP-R0535,owner3@willowneedleworksshop1.example,emh_4232f7e622,R_BM_000145,2026-05-15T22:13:27Z,Willow Needleworks Shop #1535,West,26+ employees,26+ employees,$1M+,16,11-20,15,Contract embroidery,Hybrid/job costing,156,1.92,1,75,True,Always/standard,True,Published percentage/flat fee,False,Sometimes,Quarterly,4,Confident,Good,False
BM-2026-0537,NNEP-R0537,contact@mainstreetdecoratedgoo.example,emh_f9ba10b267,R_BM_000146,2026-05-13T03:21:32Z,Main Street Decorated Goods Shop #1537,South,Solo owner/operator,Solo owner/operator,$50k-$100k,20,11-20,1,Custom embroidery,Cost-plus,101,1.19,24,50,False,No,False,No,True,Frequently,Annually,4,Confident,Variable,False
BM-2026-0542,NNEP-R0542,contact@redbarnthreads1542.example,emh_4266317016,R_BM_000147,2026-05-22T20:49:41Z,Red Barn Threads #1542,Northeast,11-25 employees,11-25 employees,$1M+,2,2-5,8,Decorated apparel,Hourly rate,144,1.69,24,150,True,Always/standard,True,Published percentage/flat fee,True,Never,Quarterly,5,Very confident,Variable,False
BM-2026-0544,NNEP-R0544,quotes@willowembroiderycompan.example,emh_545b2c0716,R_BM_000148,2026-04-04T02:01:20Z,Willow Embroidery Company #1544,South,11-25 employees,11-25 employees,$250k-$500k,20,11-20,8,Promotional products,Cost-plus,135,1.44,0,150,True,Always/standard,True,Published percentage/flat fee,True,Frequently,Quarterly,5,Very confident,Acceptable,True
BM-2026-0546,NNEP-R0546,quotes@prairieapparel1546.example,emh_d70171e6f2,R_BM_000149,2026-03-30T03:43:55Z,Prairie Apparel #1546,Midwest,2-5 employees,2-5 employees,$250k-$500k,11,11-20,4,Mixed services,Hybrid/job costing,99,1.1,6,75,True,Always/standard,True,Published percentage/flat fee,True,Sometimes,Annually,4,Confident,Very strong,False
BM-2026-0548,NNEP-R0548,contact@riverlogoshopllc1548.example,emh_32bc4c35fe,R_BM_000150,2026-06-05T15:08:18Z,River Logo Shop LLC #1548,South,Solo owner/operator,Solo owner/operator,$50k-$100k,9,6-10,1,Decorated apparel,Cost-plus,96,1.4,1,100,True,Sometimes/depends,True,Case-by-case,False,Frequently,Quarterly,3,Somewhat confident,Variable,True
BM-2026-0552,NNEP-R0552,info6@crowndigitizingshop155.example,emh_2f1b29daff,R_BM_000151,2026-05-29T18:08:56Z,Crown Digitizing Shop #1552,West,2-5 employees,2-5 employees,$50k-$100k,0,<2,2,Custom embroidery,Cost-plus,92,1.68,6,150,True,Always/standard,True,Published percentage/flat fee,False,Never,When costs change,4,Confident,Variable,True
BM-2026-0557,NNEP-R0557,contact4@willowdigitizingstudio.example,emh_88441b6fdd,R_BM_000152,2026-04-19T09:34:34Z,Willow Digitizing Studio #1557,South,2-5 employees,2-5 employees,$500k-$1M,2,2-5,4,Custom embroidery,Informal/custom quote,68,0.76,0,150,False,No,False,No,True,Sometimes,Rarely/never,3,Somewhat confident,Struggling,False
BM-2026-0559,NNEP-R0559,info@summitdigitizing1559.example,emh_281e8d0d19,R_BM_000153,2026-03-26T23:06:33Z,Summit Digitizing #1559,Midwest,2-5 employees,2-5 employees,$1M+,32,21+,3,Custom embroidery,Informal/custom quote,101,0.9,24,150,True,Sometimes/depends,False,No,True,Sometimes,Rarely/never,2,Slightly confident,Struggling,False
BM-2026-0562,NNEP-R0562,office@hoopbrandinggroup1562.example,emh_7ca2c7a244,R_BM_000154,2026-05-25T01:21:11Z,Hoop Branding Group #1562,Northeast,6-10 employees,6-10 employees,$250k-$500k,18,11-20,6,Decorated apparel,Hourly rate,109,1.69,0,150,True,Always/standard,False,No,False,Sometimes,Rarely/never,4,Confident,Struggling,True
BM-2026-0563,NNEP-R0563,info3@heritagedesignsgroup15.example,emh_3122723536,R_BM_000155,2026-04-17T01:41:04Z,Heritage Designs Group #1563,Northeast,26+ employees,26+ employees,$500k-$1M,24,21+,12,Contract embroidery,Hybrid/job costing,136,1.82,12,50,True,Always/standard,True,Published percentage/flat fee,True,Sometimes,Annually,5,Very confident,Acceptable,False
BM-2026-0566,NNEP-R0566,contact@needlecustomsllc1566.example,emh_888cf957d2,R_BM_000156,2026-03-27T02:22:18Z,Needle Customs LLC #1566,West,2-5 employees,2-5 employees,$100k-$250k,11,11-20,6,Custom embroidery,Stitch-count based,93,1.42,0,150,True,Sometimes/depends,False,No,False,Sometimes,Before every quote,3,Somewhat confident,Good,False
BM-2026-0572,NNEP-R0572,owner@crownworkscompany1572.example,emh_3765304439,R_BM_000157,2026-05-02T13:42:32Z,Crown Works Company #1572,Northeast,6-10 employees,6-10 employees,$100k-$250k,2,2-5,3,Promotional products,Value-based,129,1.29,12,50,True,Always/standard,True,Published percentage/flat fee,False,Sometimes,Before every quote,5,Very confident,Very strong,True
BM-2026-0573,NNEP-R0573,info@threadstitchcollc1573.example,emh_d067a58522,R_BM_000158,2026-06-07T14:58:01Z,Thread Stitch Co. LLC #1573,Canada/Other,Solo owner/operator,Solo owner/operator,$500k-$1M,31,21+,1,Custom embroidery,Stitch-count based,78,1.45,24,25,False,No,False,No,False,Rarely,Annually,3,Somewhat confident,Acceptable,False
BM-2026-0575,NNEP-R0575,info@goldenlogoshopcompany1.example,emh_7acf897108,R_BM_000159,2026-05-12T06:10:35Z,Golden Logo Shop Company #1575,South,11-25 employees,11-25 employees,$500k-$1M,10,6-10,12,Team/school spiritwear,Hourly rate,134,1.58,6,100,False,No,False,No,False,Rarely,Annually,3,Somewhat confident,Good,True
BM-2026-0583,NNEP-R0583,hello@lakesidebrandinggroup1.example,emh_550b0cb7ba,R_BM_000160,2026-03-28T04:42:28Z,Lakeside Branding Group #1583,South,Solo owner/operator,Solo owner/operator,$500k-$1M,16,11-20,2,Custom embroidery,Hybrid/job costing,75,1.24,0,150,True,Sometimes/depends,False,No,True,Rarely,Rarely/never,2,Slightly confident,Acceptable,True
BM-2026-0584,NNEP-R0584,info@crowndesignscollective.example,emh_5b94b9d861,R_BM_000161,2026-05-26T08:27:43Z,Crown Designs Collective #1584,South,Solo owner/operator,Solo owner/operator,Under $50k,0,<2,1,Mixed services,Competitor-based,61,1.27,6,0,False,No,False,No,True,Never,Annually,3,Somewhat confident,Acceptable,False
BM-2026-0585,NNEP-R0585,hello4@heritagethreads1585.example,emh_00771e53f5,R_BM_000162,2026-03-31T00:45:26Z,Heritage Threads #1585,Midwest,Solo owner/operator,Solo owner/operator,$50k-$100k,2,2-5,1,Mixed services,Hybrid/job costing,104,1.32,12,150,False,No,True,Case-by-case,True,Rarely,Annually,2,Slightly confident,Acceptable,True
BM-2026-0593,NNEP-R0593,contact@luckyteamwearshop1593.example,emh_e336e9a2c3,R_BM_000163,2026-05-23T10:38:57Z,Lucky Teamwear Shop #1593,Midwest,2-5 employees,2-5 employees,$100k-$250k,13,11-20,4,Custom embroidery,Stitch-count based,96,1.34,12,35,True,Always/standard,True,Published percentage/flat fee,True,Sometimes,Annually,4,Confident,Variable,True
BM-2026-0596,NNEP-R0596,quotes1@willowthreads1596.example,emh_ad09d3cbe4,R_BM_000164,2026-05-24T00:33:30Z,Willow Threads #1596,Northeast,2-5 employees,2-5 employees,$500k-$1M,35,21+,1,Mixed services,Cost-plus,99,1.6,0,50,True,Always/standard,True,Published percentage/flat fee,False,Sometimes,When costs change,3,Somewhat confident,Struggling,True
BM-2026-0597,NNEP-R0597,contact@heritagestudioshop1597.example,emh_17095f94ac,R_BM_000165,2026-05-03T10:35:20Z,Heritage Studio Shop #1597,Midwest,6-10 employees,6-10 employees,$1M+,1,<2,6,Custom embroidery,Stitch-count based,123,0.95,0,0,False,No,True,Published percentage/flat fee,True,Sometimes,Annually,3,Somewhat confident,Variable,False
BM-2026-0601,NNEP-R0601,contact@redbarndecoratedgoodsg.example,emh_aa6bc0d982,R_BM_000166,2026-04-11T08:56:44Z,Red Barn Decorated Goods Group #1601,Midwest,2-5 employees,2-5 employees,$100k-$250k,8,6-10,3,Mixed services,Cost-plus,86,1.53,12,50,True,Always/standard,False,No,True,Sometimes,Annually,3,Somewhat confident,Good,True
BM-2026-0610,NNEP-R0610,sales@northstarworkscollecti.example,emh_9824e0482f,R_BM_000167,2026-04-07T22:24:40Z,North Star Works Collective #1610,South,26+ employees,26+ employees,$500k-$1M,2,2-5,30,Decorated apparel,Informal/custom quote,99,1.12,0,75,False,No,False,No,False,Rarely,Rarely/never,2,Slightly confident,Variable,False
BM-2026-0619,NNEP-R0619,office@heritagestitchcoshop16.example,emh_a6237f443c,R_BM_000168,2026-06-10T06:15:57Z,Heritage Stitch Co. Shop #1619,West,2-5 employees,2-5 employees,$250k-$500k,12,11-20,2,Decorated apparel,Hybrid/job costing,107,1.74,12,150,False,No,False,No,True,Sometimes,Annually,4,Confident,Acceptable,False
BM-2026-0622,NNEP-R0622,contact6@needleneedleworksllc16.example,emh_2d1915d88d,R_BM_000169,2026-05-06T10:14:18Z,Needle Needleworks LLC #1622,Midwest,Solo owner/operator,Solo owner/operator,$100k-$250k,19,11-20,2,Promotional products,Stitch-count based,102,1.29,6,150,True,Sometimes/depends,True,Case-by-case,False,Sometimes,When costs change,2,Slightly confident,Good,False
BM-2026-0627,NNEP-R0627,contact4@maplestudioshop1627.example,emh_ad00d716bd,R_BM_000170,2026-04-05T06:01:08Z,Maple Studio Shop #1627,Northeast,6-10 employees,6-10 employees,$1M+,9,6-10,15,Decorated apparel,Value-based,107,1.37,6,150,False,No,False,No,True,Sometimes,Annually,4,Confident,Variable,True
BM-2026-0630,NNEP-R0630,quotes@willowworksshop1630.example,emh_46e87dc089,R_BM_000171,2026-03-27T00:18:27Z,Willow Works Shop #1630,South,2-5 employees,2-5 employees,$250k-$500k,27,21+,1,Team/school spiritwear,Value-based,105,1.5,24,50,False,No,False,No,False,Sometimes,Annually,3,Somewhat confident,Good,False
BM-2026-0631,NNEP-R0631,sales@luckydecoratedgoodscom.example,emh_6c91550280,R_BM_000172,2026-05-30T13:49:17Z,Lucky Decorated Goods Company #1631,South,26+ employees,26+ employees,$1M+,20,11-20,12,Contract embroidery,Cost-plus,147,2.18,6,100,True,Always/standard,True,Published percentage/flat fee,True,Sometimes,Quarterly,4,Confident,Very strong,False
BM-2026-0636,NNEP-R0636,hello6@needleapparelstudio163.example,emh_f36409ced9,R_BM_000173,2026-04-03T21:34:11Z,Needle Apparel Studio #1636,Canada/Other,Solo owner/operator,Solo owner/operator,$100k-$250k,0,<2,3,Custom embroidery,Informal/custom quote,70,0.77,6,0,True,Sometimes/depends,False,No,False,Frequently,Rarely/never,2,Slightly confident,Acceptable,False
BM-2026-0637,NNEP-R0637,contact0@northstarprintstitchco.example,emh_90d30741d8,R_BM_000174,2026-04-05T19:54:58Z,North Star Print & Stitch Collective #1637,West,6-10 employees,6-10 employees,$250k-$500k,11,11-20,4,Custom embroidery,Hybrid/job costing,113,2.14,1,100,True,Always/standard,False,No,True,Frequently,When costs change,5,Very confident,Acceptable,False
BM-2026-0645,NNEP-R0645,quotes@lakesidelogoshopcompan.example,emh_7ca1f23651,R_BM_000175,2026-06-07T16:24:10Z,Lakeside Logo Shop Company #1645,Northeast,Solo owner/operator,Solo owner/operator,$50k-$100k,15,11-20,1,Custom embroidery,Hybrid/job costing,103,1.19,36,100,True,Always/standard,True,Published percentage/flat fee,True,Rarely,Before every quote,4,Confident,Good,False
BM-2026-0648,NNEP-R0648,office4@prairiethreadsllc1648.example,emh_3c7245f805,R_BM_000176,2026-06-05T15:08:20Z,Prairie Threads LLC #1648,Northeast,2-5 employees,2-5 employees,Under $50k,12,11-20,1,Custom embroidery,Hybrid/job costing,128,1.41,0,150,False,No,False,No,True,Sometimes,Quarterly,3,Somewhat confident,Acceptable,False
BM-2026-0651,NNEP-R0651,owner0@heritagedesignsstudio1.example,emh_69bc68e8b1,R_BM_000177,2026-05-20T09:27:36Z,Heritage Designs Studio #1651,Midwest,Solo owner/operator,Solo owner/operator,$250k-$500k,9,6-10,1,Promotional products,Stitch-count based,71,1.48,0,25,True,Sometimes/depends,False,No,True,Sometimes,Quarterly,2,Slightly confident,Acceptable,True
BM-2026-0653,NNEP-R0653,hello2@pinecustoms1653.example,emh_74069ba787,R_BM_000178,2026-05-07T05:42:45Z,Pine Customs #1653,South,11-25 employees,11-25 employees,$1M+,0,<2,6,Custom embroidery,Hourly rate,126,1.13,0,50,False,No,False,No,False,Sometimes,Rarely/never,4,Confident,Acceptable,True
BM-2026-0654,NNEP-R0654,hello@needlelogoshop1654.example,emh_3d692ff442,R_BM_000179,2026-05-20T12:52:44Z,Needle Logo Shop #1654,South,26+ employees,26+ employees,$1M+,4,2-5,20,Mixed services,Value-based,133,1.18,12,100,True,Always/standard,True,Published percentage/flat fee,False,Sometimes,When costs change,4,Confident,Very strong,False
BM-2026-0658,NNEP-R0658,quotes@stitchdesignscompany16.example,emh_9e06470c06,R_BM_000180,2026-03-24T12:32:02Z,Stitch Designs Company #1658,Midwest,Solo owner/operator,Solo owner/operator,$250k-$500k,24,21+,3,Contract embroidery,Hybrid/job costing,109,1.32,1,0,True,Sometimes/depends,False,No,False,Frequently,Rarely/never,4,Confident,Acceptable,False
BM-2026-0665,NNEP-R0665,info0@northstarteamwearllc16.example,emh_57b28410e5,R_BM_000181,2026-05-23T08:12:40Z,North Star Teamwear LLC #1665,West,Solo owner/operator,Solo owner/operator,$100k-$250k,20,11-20,1,Decorated apparel,Value-based,86,1.31,12,50,True,Always/standard,False,No,False,Rarely,Annually,5,Very confident,Very strong,False
BM-2026-0666,NNEP-R0666,sales1@magnoliacustoms1666.example,emh_12bae6a9d4,R_BM_000182,2026-04-28T23:46:13Z,Magnolia Customs #1666,West,2-5 employees,2-5 employees,$250k-$500k,20,11-20,4,Mixed services,Cost-plus,122,1.44,0,75,True,Always/standard,False,No,False,Sometimes,Annually,4,Confident,Struggling,False
BM-2026-0667,NNEP-R0667,hello@oakteamwearcollective1.example,emh_64f992c42f,R_BM_000183,2026-05-30T04:55:55Z,Oak Teamwear Collective #1667,West,Solo owner/operator,Solo owner/operator,$50k-$100k,13,11-20,1,Custom embroidery,Informal/custom quote,40,0.91,1,150,False,No,False,No,False,Sometimes,Rarely/never,1,Not confident,Good,False
BM-2026-0670,NNEP-R0670,quotes@lakesideworks1670.example,emh_2124cf4b94,R_BM_000184,2026-03-16T08:10:59Z,Lakeside Works #1670,Midwest,6-10 employees,6-10 employees,$500k-$1M,14,11-20,6,Decorated apparel,Cost-plus,133,1.59,0,100,True,Always/standard,False,No,False,Never,Annually,3,Somewhat confident,Variable,True
BM-2026-0674,NNEP-R0674,sales@sunrisestudiocollectiv.example,emh_da854ccca0,R_BM_000185,2026-04-07T12:11:33Z,Sunrise Studio Collective #1674,West,11-25 employees,11-25 employees,$500k-$1M,8,6-10,15,Custom embroidery,Stitch-count based,135,1.56,0,150,True,Always/standard,True,Published percentage/flat fee,False,Sometimes,Before every quote,2,Slightly confident,Acceptable,True
BM-2026-0676,NNEP-R0676,info@redbarnlogoshopllc1676.example,emh_81e07d7bb6,R_BM_000186,2026-04-15T03:17:57Z,Red Barn Logo Shop LLC #1676,South,2-5 employees,2-5 employees,$50k-$100k,5,2-5,1,Custom embroidery,Hybrid/job costing,96,1.74,6,100,False,No,True,Published percentage/flat fee,False,Rarely,Annually,4,Confident,Acceptable,False
BM-2026-0682,NNEP-R0682,info@bobbinbrandingcollecti.example,emh_52af52f59d,R_BM_000187,2026-03-24T04:42:32Z,Bobbin Branding Collective #1682,West,Solo owner/operator,Solo owner/operator,$50k-$100k,9,6-10,1,Custom embroidery,Hybrid/job costing,112,2.1,12,50,True,Always/standard,True,Published percentage/flat fee,True,Sometimes,Quarterly,4,Confident,Struggling,True
BM-2026-0688,NNEP-R0688,info2@riverteamweargroup1688.example,emh_8318aea5df,R_BM_000188,2026-03-24T23:47:11Z,River Teamwear Group #1688,South,11-25 employees,11-25 employees,$500k-$1M,10,6-10,8,Decorated apparel,Cost-plus,100,2.2,1,150,True,Always/standard,False,No,True,Sometimes,Quarterly,5,Very confident,Acceptable,False
BM-2026-0689,NNEP-R0689,info@maplebrandingcompany16.example,emh_809388879a,R_BM_000189,2026-06-08T09:00:11Z,Maple Branding Company #1689,West,Solo owner/operator,Solo owner/operator,Under $50k,13,11-20,2,Decorated apparel,Hybrid/job costing,98,2.05,6,150,True,Always/standard,False,No,True,Sometimes,Quarterly,4,Confident,Acceptable,False
BM-2026-0690,NNEP-R0690,office@pinethreadscompany1690.example,emh_1535c9c026,R_BM_000190,2026-06-12T08:45:27Z,Pine Threads Company #1690,West,2-5 employees,2-5 employees,$1M+,16,11-20,2,Contract embroidery,Hybrid/job costing,76,1.06,12,0,True,Sometimes/depends,True,Case-by-case,False,Sometimes,Rarely/never,3,Somewhat confident,Acceptable,True
BM-2026-0692,NNEP-R0692,quotes@oakbrandingcollective1.example,emh_ff3fea5a5f,R_BM_000191,2026-04-14T09:31:47Z,Oak Branding Collective #1692,South,Solo owner/operator,Solo owner/operator,Under $50k,0,<2,1,Mixed services,Stitch-count based,64,1.04,6,25,False,No,False,No,False,Sometimes,When costs change,2,Slightly confident,Variable,False
BM-2026-0694,NNEP-R0694,owner@stitchprintstitchshop1.example,emh_081ee15a64,R_BM_000192,2026-05-11T06:47:32Z,Stitch Print & Stitch Shop #1694,West,Solo owner/operator,Solo owner/operator,$50k-$100k,5,2-5,1,Custom embroidery,Hybrid/job costing,90,1.39,12,100,False,No,False,No,False,Never,Quarterly,4,Confident,Very strong,False
BM-2026-0696,NNEP-R0696,sales@crownworksgroup1696.example,emh_554cd375fb,R_BM_000193,2026-03-15T12:37:36Z,Crown Works Group #1696,Midwest,2-5 employees,2-5 employees,$50k-$100k,0,<2,1,Custom embroidery,Hybrid/job costing,101,0.55,24,0,True,Sometimes/depends,False,No,True,Never,When costs change,2,Slightly confident,Good,True
BM-2026-0703,NNEP-R0703,contact@brightdesignsgroup1703.example,emh_460172d59f,R_BM_000194,2026-03-18T14:25:47Z,Bright Designs Group #1703,South,6-10 employees,6-10 employees,$250k-$500k,2,2-5,12,Promotional products,Stitch-count based,119,1.73,0,50,True,Always/standard,True,Published percentage/flat fee,True,Never,Annually,4,Confident,Struggling,True
BM-2026-0704,NNEP-R0704,sales@luckyprintstitchllc170.example,emh_41422c0988,R_BM_000195,2026-04-01T19:28:12Z,Lucky Print & Stitch LLC #1704,West,Solo owner/operator,Solo owner/operator,$100k-$250k,5,2-5,3,Mixed services,Stitch-count based,72,1.5,0,100,True,Always/standard,True,Published percentage/flat fee,True,Sometimes,When costs change,4,Confident,Good,True
BM-2026-0705,NNEP-R0705,sales@willowwearablesshop170.example,emh_be03715b72,R_BM_000196,2026-03-18T23:50:54Z,Willow Wearables Shop #1705,West,Solo owner/operator,Solo owner/operator,$100k-$250k,9,6-10,1,Decorated apparel,Stitch-count based,71,0.85,0,0,False,No,False,No,True,Never,Rarely/never,3,Somewhat confident,Acceptable,False
BM-2026-0710,NNEP-R0710,sales@mainstreetdesignscompa.example,emh_e8de52ba9d,R_BM_000197,2026-03-25T20:24:50Z,Main Street Designs Company #1710,Midwest,Solo owner/operator,Solo owner/operator,$100k-$250k,7,6-10,1,Decorated apparel,Hourly rate,74,0.45,6,35,False,No,False,No,False,Frequently,Annually,3,Somewhat confident,Variable,False
BM-2026-0714,NNEP-R0714,hello@summitcreative1714.example,emh_b9eb1e9b87,R_BM_000198,2026-04-26T10:45:48Z,Summit Creative #1714,South,2-5 employees,2-5 employees,$1M+,13,11-20,1,Custom embroidery,Competitor-based,72,1.05,6,35,False,No,False,No,False,Sometimes,Rarely/never,1,Not confident,Good,False
BM-2026-0727,NNEP-R0727,owner6@northstarworksshop1727.example,emh_6eb563f9b7,R_BM_000199,2026-05-26T18:26:09Z,North Star Works Shop #1727,Northeast,2-5 employees,2-5 employees,$250k-$500k,8,6-10,3,Decorated apparel,Cost-plus,146,0.88,0,150,True,Always/standard,True,Published percentage/flat fee,True,Never,When costs change,3,Somewhat confident,Acceptable,False
BM-2026-0729,NNEP-R0729,quotes@maplethreadsstudio1729.example,emh_2ddd6b324a,R_BM_000200,2026-06-10T15:29:12Z,Maple Threads Studio #1729,Midwest,Solo owner/operator,Solo owner/operator,$500k-$1M,0,<2,1,Custom embroidery,Competitor-based,64,0.81,6,25,False,No,False,No,False,Sometimes,When costs change,1,Not confident,Good,False
