respondent_id,canonical_email,email_hash,business_name_clean,region,business_size,years_in_operation,machine_count,current_pricing_method,diagnostic_total_score,pricing_maturity_tier,lowest_driver,production_cost_score,real_labor_score,intended_profit_score,capacity_pressure_score,end_customer_value_score,confidence_score_1_5,pricing_confidence_level,confidence_alignment,charges_setup_fee,charges_rush_fee,uses_tiered_pricing,discounting_frequency,perceived_profitability,plans_price_increase_2026,overlap_join_quality,diagnostic_source_row_id,benchmark_source_row_id
NNEP-R0003,hello@lakesidedesignsstudio.example,emh_68135d0519,Lakeside Designs Studio,South,2-5 employees,20,3,Value-based,18,Strong Pricing System,Real Labor,4,2,4,4,4,5,Very confident,Broadly aligned,False,True,True,Rarely,Variable,False,exact_raw_email_match,R_PD_000003,R_BM_000001
NNEP-R0004,office4@hoopmonogramscollectiv.example,emh_326e4257de,Hoop Monograms Collective,West,2-5 employees,8,2,Stitch-count based,6,Pricing Blind Spots,Capacity Pressure,2,2,1,0,1,2,Slightly confident,Broadly aligned,True,True,True,Sometimes,Struggling,True,exact_raw_email_match,R_PD_000004,R_BM_000002
NNEP-R0007,hello0@ironapparelgroup.example,emh_dd980b4007,Iron Apparel Group,Northeast,11-25 employees,26,12,Cost-plus,18,Strong Pricing System,Real Labor,4,3,4,3,4,2,Slightly confident,Underconfident relative to diagnostic,False,True,True,Rarely,Good,False,exact_raw_email_match,R_PD_000007,R_BM_000003
NNEP-R0014,hello0@heritagebrandingshop.example,emh_b82a111b7a,Heritage Branding Shop,Northeast,11-25 employees,2,10,Informal/custom quote,9,Partial Pricing System,Real Labor,3,1,2,1,2,3,Somewhat confident,Broadly aligned,False,False,True,Frequently,Variable,False,exact_raw_email_match,R_PD_000014,R_BM_000004
NNEP-R0015,sales@cedarmonogramsllc.example,emh_364905e785,Cedar Monograms LLC,South,2-5 employees,6,2,Hybrid/job costing,4,Pricing Blind Spots,Capacity Pressure,1,1,2,0,0,1,Not confident,Broadly aligned,False,False,False,Rarely,Good,True,exact_raw_email_match,R_PD_000015,R_BM_000005
NNEP-R0020,office@hoopcustoms.example,emh_9ae713bc9f,Hoop Customs,South,6-10 employees,14,5,Stitch-count based,15,Partial Pricing System,Capacity Pressure,3,4,4,2,2,5,Very confident,Potentially overconfident,False,True,False,Sometimes,Acceptable,False,exact_raw_email_match,R_PD_000019,R_BM_000007
NNEP-R0025,info@threadstitchcocollecti.example,emh_c43c27dae5,Thread Stitch Co. Collective,West,6-10 employees,29,5,Stitch-count based,19,Strong Pricing System,Intended Profit,4,4,3,4,4,4,Confident,Broadly aligned,True,True,False,Rarely,Variable,False,exact_raw_email_match,R_PD_000024,R_BM_000008
NNEP-R0027,sales@crownwearablescompany.example,emh_75703e08c0,Crown Wearables Company,Midwest,Solo owner/operator,24,1,Value-based,18,Strong Pricing System,Intended Profit,4,4,3,4,3,3,Somewhat confident,Underconfident relative to diagnostic,True,True,True,Sometimes,Variable,True,normalized_email_match,R_PD_000026,R_BM_000009
NNEP-R0029,office@bobbinteamwearcompany.example,emh_eb15a6bac7,Bobbin Teamwear Company,Northeast,11-25 employees,32,8,Hybrid/job costing,20,Strong Pricing System,Production Cost,4,4,4,4,4,5,Very confident,Broadly aligned,True,True,False,Never,Struggling,False,exact_raw_email_match,R_PD_000028,R_BM_000010
NNEP-R0030,quotes@brightmonogramsgroup.example,emh_e01b6dc623,Bright Monograms Group,West,6-10 employees,1,10,Stitch-count based,11,Partial Pricing System,Capacity Pressure,3,2,2,1,3,2,Slightly confident,Broadly aligned,True,False,False,Frequently,Very strong,False,exact_raw_email_match,R_PD_000029,R_BM_000011
NNEP-R0037,hello@prairiedesignsshop.example,emh_4ecc8cced3,Prairie Designs Shop,South,2-5 employees,0,5,Stitch-count based,3,Pricing Blind Spots,Real Labor,1,0,0,1,1,3,Somewhat confident,Broadly aligned,False,True,False,Frequently,Very strong,False,manual_review_suggested,R_PD_000036,R_BM_000012
NNEP-R0041,owner@redbarnthreadsshop.example,emh_4e5ec76193,Red Barn Threads Shop,West,Solo owner/operator,0,1,Stitch-count based,3,Pricing Blind Spots,Intended Profit,2,1,0,0,0,5,Very confident,Overconfident relative to diagnostic,False,False,True,Frequently,Variable,False,exact_raw_email_match,R_PD_000039,R_BM_000014
NNEP-R0042,office0@redbarndesignsllc.example,emh_21b558bcac,Red Barn Designs LLC,Midwest,26+ employees,31,12,Hybrid/job costing,18,Strong Pricing System,Capacity Pressure,4,4,4,3,3,4,Confident,Broadly aligned,True,False,True,Frequently,Acceptable,False,exact_raw_email_match,R_PD_000040,R_BM_000015
NNEP-R0047,office@bobbinmonogramscollect.example,emh_d3201a53b8,Bobbin Monograms Collective,West,2-5 employees,23,2,Hybrid/job costing,14,Partial Pricing System,Intended Profit,4,4,2,2,2,4,Confident,Broadly aligned,False,True,False,Never,Very strong,False,exact_raw_email_match,R_PD_000045,R_BM_000016
NNEP-R0049,office@goldenteamwearllc.example,emh_c09f30849c,Golden Teamwear LLC,Midwest,Solo owner/operator,22,1,Competitor-based,8,Partial Pricing System,Intended Profit,2,2,1,1,2,4,Confident,Broadly aligned,False,False,True,Sometimes,Acceptable,False,exact_raw_email_match,R_PD_000047,R_BM_000017
NNEP-R0051,quotes@northstarteamwearshop.example,emh_bdb34c37e8,North Star Teamwear Shop,South,Solo owner/operator,25,1,Informal/custom quote,9,Partial Pricing System,Capacity Pressure,3,2,2,1,1,3,Somewhat confident,Broadly aligned,False,True,False,Sometimes,Acceptable,True,exact_raw_email_match,R_PD_000049,R_BM_000018
NNEP-R0052,quotes@urbanlogoshopstudio.example,emh_6ab7308276,Urban Logo Shop Studio,Midwest,6-10 employees,2,6,Competitor-based,2,Pricing Blind Spots,Real Labor,2,0,0,0,0,5,Very confident,Overconfident relative to diagnostic,False,True,False,Never,Struggling,True,exact_raw_email_match,R_PD_000050,R_BM_000019
NNEP-R0056,office@threadteamwearllc.example,emh_4eadd10e07,Thread Teamwear LLC,Canada/Other,6-10 employees,23,8,Competitor-based,13,Partial Pricing System,Real Labor,4,2,2,2,3,4,Confident,Broadly aligned,False,True,True,Rarely,Acceptable,False,exact_raw_email_match,R_PD_000053,R_BM_000021
NNEP-R0058,info@redbarnwearablescompan.example,emh_f5a11766ea,Red Barn Wearables Company,West,Solo owner/operator,9,2,Informal/custom quote,6,Pricing Blind Spots,Real Labor,2,1,1,1,1,3,Somewhat confident,Broadly aligned,False,False,False,Sometimes,Struggling,True,exact_raw_email_match,R_PD_000055,R_BM_000022
NNEP-R0064,quotes1@mainstreetthreadsstudi.example,emh_836e20fbc8,Main Street Threads Studio,Northeast,2-5 employees,12,3,Stitch-count based,12,Partial Pricing System,Real Labor,4,2,2,2,2,3,Somewhat confident,Broadly aligned,False,False,False,Sometimes,Acceptable,False,exact_raw_email_match,R_PD_000061,R_BM_000023
NNEP-R0070,info@cedarworkscompany.example,emh_28961dbcf1,Cedar Works Company,Midwest,6-10 employees,8,10,Cost-plus,18,Strong Pricing System,Production Cost,3,4,3,4,4,3,Somewhat confident,Underconfident relative to diagnostic,True,False,False,Sometimes,Very strong,True,exact_raw_email_match,R_PD_000066,R_BM_000025
NNEP-R0077,office@hooplogoshopgroup.example,emh_b327bcd054,Hoop Logo Shop Group,West,2-5 employees,12,2,Hourly rate,14,Partial Pricing System,Intended Profit,4,4,2,2,2,4,Confident,Broadly aligned,True,True,False,Sometimes,Struggling,True,normalized_email_match,R_PD_000073,R_BM_000026
NNEP-R0084,quotes@lakesideteamwearshop.example,emh_95210fbb78,Lakeside Teamwear Shop,Northeast,2-5 employees,0,4,Hybrid/job costing,15,Partial Pricing System,Capacity Pressure,4,4,3,2,2,4,Confident,Broadly aligned,True,True,True,Rarely,Good,False,exact_raw_email_match,R_PD_000079,R_BM_000028
NNEP-R0087,quotes@silverwearablesshop.example,emh_c1c33e9f83,Silver Wearables Shop,South,Solo owner/operator,0,2,Value-based,5,Pricing Blind Spots,Intended Profit,2,1,0,0,2,1,Not confident,Broadly aligned,True,False,False,Frequently,Variable,False,exact_raw_email_match,R_PD_000082,R_BM_000029
NNEP-R0088,sales@magnoliateamwearllc.example,emh_5afaff8e8b,Magnolia Teamwear LLC,Midwest,2-5 employees,9,2,Stitch-count based,9,Partial Pricing System,Capacity Pressure,4,2,1,0,2,1,Not confident,Broadly aligned,True,True,False,Never,Good,False,normalized_email_match,R_PD_000083,R_BM_000030
NNEP-R0091,hello@crowndesignscompany.example,emh_c4fd8c1ebf,Crown Designs Company,West,6-10 employees,19,6,Competitor-based,9,Partial Pricing System,Intended Profit,3,2,1,1,2,4,Confident,Broadly aligned,True,True,False,Sometimes,Struggling,True,normalized_email_match,R_PD_000084,R_BM_000033
NNEP-R0093,info@prairieneedleworksstud.example,emh_b249aafab0,Prairie Needleworks Studio,Midwest,11-25 employees,21,15,Hybrid/job costing,20,Strong Pricing System,Production Cost,4,4,4,4,4,4,Confident,Broadly aligned,True,True,False,Rarely,Good,False,exact_raw_email_match,R_PD_000085,R_BM_000035
NNEP-R0095,quotes@heritagestudioshop.example,emh_97a3c5fdef,Heritage Studio Shop,Midwest,2-5 employees,5,8,Stitch-count based,10,Partial Pricing System,Production Cost,2,2,2,2,2,2,Slightly confident,Broadly aligned,True,False,False,Sometimes,Good,False,normalized_email_match,R_PD_000087,R_BM_000036
NNEP-R0096,quotes@hoopdigitizinggroup.example,emh_23a3e4f74b,Hoop Digitizing Group,Canada/Other,Solo owner/operator,4,2,Hybrid/job costing,15,Partial Pricing System,Real Labor,4,2,2,3,4,5,Very confident,Potentially overconfident,True,True,False,Sometimes,Variable,False,exact_raw_email_match,R_PD_000088,R_BM_000037
NNEP-R0101,quotes@mapledigitizing.example,emh_645ca2d766,Maple Digitizing,Midwest,Solo owner/operator,1,2,Hourly rate,12,Partial Pricing System,Capacity Pressure,3,3,2,1,3,2,Slightly confident,Broadly aligned,False,True,False,Rarely,Variable,False,exact_raw_email_match,R_PD_000093,R_BM_000038
NNEP-R0105,info@redbarnapparelgroup.example,emh_70cd0ca372,Red Barn Apparel Group,Midwest,2-5 employees,1,3,Informal/custom quote,1,Pricing Blind Spots,Real Labor,1,0,0,0,0,5,Very confident,Overconfident relative to diagnostic,False,True,False,Sometimes,Struggling,True,exact_raw_email_match,R_PD_000097,R_BM_000039
NNEP-R0110,sales@lakesidewearablesllc.example,emh_4756c4d109,Lakeside Wearables LLC,West,Solo owner/operator,5,4,Informal/custom quote,1,Pricing Blind Spots,Real Labor,1,0,0,0,0,5,Very confident,Overconfident relative to diagnostic,False,False,False,Rarely,Good,True,exact_raw_email_match,R_PD_000102,R_BM_000040
NNEP-R0114,quotes2@luckycustomsllc.example,emh_e833468f2b,Lucky Customs LLC,South,2-5 employees,5,6,Value-based,10,Partial Pricing System,Intended Profit,2,3,1,1,3,4,Confident,Broadly aligned,True,False,True,Sometimes,Variable,False,exact_raw_email_match,R_PD_000106,R_BM_000041
NNEP-R0128,quotes@riverstitchcollc.example,emh_152bc46452,River Stitch Co. LLC,Midwest,6-10 employees,14,5,Hybrid/job costing,12,Partial Pricing System,Real Labor,4,2,2,2,2,2,Slightly confident,Broadly aligned,True,True,False,Sometimes,Variable,False,exact_raw_email_match,R_PD_000120,R_BM_000042
NNEP-R0132,quotes@cedarteamwearcollectiv.example,emh_379410fd8c,Cedar Teamwear Collective,Northeast,2-5 employees,11,4,Cost-plus,11,Partial Pricing System,Real Labor,3,2,2,2,2,1,Not confident,Broadly aligned,True,True,False,Rarely,Good,True,exact_raw_email_match,R_PD_000123,R_BM_000044
NNEP-R0134,info@hoopdigitizingcollecti.example,emh_eee816b38b,Hoop Digitizing Collective,Northeast,Solo owner/operator,7,3,Informal/custom quote,2,Pricing Blind Spots,Real Labor,1,0,0,0,1,1,Not confident,Broadly aligned,False,False,True,Frequently,Variable,False,exact_raw_email_match,R_PD_000125,R_BM_000045
NNEP-R0140,contact@summitapparel.example,emh_e03c1b0685,Summit Apparel,South,2-5 employees,15,6,Hourly rate,9,Partial Pricing System,Capacity Pressure,3,2,2,0,2,3,Somewhat confident,Broadly aligned,False,True,True,Sometimes,Very strong,False,exact_raw_email_match,R_PD_000131,R_BM_000046
NNEP-R0149,contact2@urbandecoratedgoodscol.example,emh_d5054b0a85,Urban Decorated Goods Collective,South,2-5 employees,6,2,Competitor-based,4,Pricing Blind Spots,Production Cost,0,1,1,1,1,2,Slightly confident,Broadly aligned,False,False,True,Sometimes,Good,True,exact_raw_email_match,R_PD_000140,R_BM_000047
NNEP-R0155,office1@silverteamwearllc.example,emh_61c06b45c4,Silver Teamwear LLC,Northeast,2-5 employees,32,4,Hybrid/job costing,17,Strong Pricing System,End Customer Value,4,3,4,4,2,2,Slightly confident,Underconfident relative to diagnostic,True,True,False,Rarely,Good,True,exact_raw_email_match,R_PD_000145,R_BM_000049
NNEP-R0163,hello@lakesidelogoshopcollec.example,emh_7613fe54fe,Lakeside Logo Shop Collective,Midwest,2-5 employees,14,10,Cost-plus,15,Partial Pricing System,Capacity Pressure,4,3,4,2,2,4,Confident,Broadly aligned,False,True,False,Sometimes,Acceptable,False,exact_raw_email_match,R_PD_000153,R_BM_000050
NNEP-R0165,quotes@mainstreetdecoratedgoo.example,emh_347f531176,Main Street Decorated Goods LLC,West,6-10 employees,11,6,Cost-plus,18,Strong Pricing System,Intended Profit,4,4,3,4,3,4,Confident,Broadly aligned,True,True,False,Rarely,Variable,False,exact_raw_email_match,R_PD_000155,R_BM_000051
NNEP-R0168,owner@brightcustomscollectiv.example,emh_041937ff3b,Bright Customs Collective,Midwest,2-5 employees,9,2,Hybrid/job costing,10,Partial Pricing System,Real Labor,2,1,3,2,2,4,Confident,Broadly aligned,False,False,False,Sometimes,Acceptable,True,exact_raw_email_match,R_PD_000158,R_BM_000052
NNEP-R0171,sales@luckyprintstitchshop.example,emh_9b600f4ca6,Lucky Print & Stitch Shop,Midwest,Solo owner/operator,11,4,Competitor-based,0,Pricing Blind Spots,Production Cost,0,0,0,0,0,1,Not confident,Broadly aligned,True,False,False,Frequently,Very strong,True,exact_raw_email_match,R_PD_000160,R_BM_000054
NNEP-R0174,office@heritageneedleworkscom.example,emh_f30e7a697a,Heritage Needleworks Company,Midwest,Solo owner/operator,0,2,Competitor-based,2,Pricing Blind Spots,Real Labor,1,0,1,0,0,1,Not confident,Broadly aligned,False,False,True,Never,Good,False,normalized_email_match,R_PD_000163,R_BM_000055
NNEP-R0191,owner2@maplestudiocollective.example,emh_fa69f8ff92,Maple Studio Collective,West,2-5 employees,10,3,Informal/custom quote,8,Partial Pricing System,Production Cost,1,2,1,2,2,3,Somewhat confident,Broadly aligned,True,False,False,Sometimes,Acceptable,False,exact_raw_email_match,R_PD_000177,R_BM_000059
NNEP-R0197,info@summitlogoshopstudio.example,emh_015342e155,Summit Logo Shop Studio,Midwest,Solo owner/operator,3,1,Informal/custom quote,1,Pricing Blind Spots,Real Labor,1,0,0,0,0,1,Not confident,Broadly aligned,False,False,False,Frequently,Struggling,True,exact_raw_email_match,R_PD_000183,R_BM_000060
NNEP-R0199,hello@crownprintstitchstudio.example,emh_c46b5021bb,Crown Print & Stitch Studio,Northeast,Solo owner/operator,6,1,Stitch-count based,0,Pricing Blind Spots,Production Cost,0,0,0,0,0,1,Not confident,Broadly aligned,False,False,False,Sometimes,Variable,False,exact_raw_email_match,R_PD_000185,R_BM_000061
NNEP-R0211,info1@oakstitchcocompany.example,emh_f02ba2f087,Oak Stitch Co. Company,West,2-5 employees,1,2,Hourly rate,14,Partial Pricing System,Intended Profit,3,3,2,3,3,3,Somewhat confident,Broadly aligned,True,True,True,Rarely,Very strong,False,exact_raw_email_match,R_PD_000197,R_BM_000062
NNEP-R0212,owner2@hoopdesignscompany.example,emh_bd002e9186,Hoop Designs Company,Northeast,26+ employees,2,15,Hybrid/job costing,20,Strong Pricing System,Production Cost,4,4,4,4,4,4,Confident,Broadly aligned,True,False,True,Sometimes,Variable,False,exact_raw_email_match,R_PD_000198,R_BM_000063
NNEP-R0220,owner@crownbrandinggroup.example,emh_7e84cab582,Crown Branding Group,Northeast,26+ employees,19,12,Hybrid/job costing,18,Strong Pricing System,Production Cost,3,3,4,4,4,5,Very confident,Broadly aligned,True,True,False,Rarely,Very strong,False,normalized_email_match,R_PD_000205,R_BM_000065
NNEP-R0228,owner@riverthreadscollective.example,emh_73b8dd5ea0,River Threads Collective,Midwest,Solo owner/operator,7,1,Stitch-count based,11,Partial Pricing System,Production Cost,2,3,2,2,2,2,Slightly confident,Broadly aligned,True,True,False,Sometimes,Very strong,False,exact_raw_email_match,R_PD_000213,R_BM_000066
NNEP-R0231,hello@riverdigitizingllc.example,emh_ade84d3fd4,River Digitizing LLC,Northeast,26+ employees,15,10,Hourly rate,18,Strong Pricing System,Production Cost,3,4,4,3,4,5,Very confident,Broadly aligned,True,True,False,Sometimes,Good,False,exact_raw_email_match,R_PD_000216,R_BM_000067
NNEP-R0245,hello0@magnoliacustomsshop.example,emh_f3514d7f65,Magnolia Customs Shop,Northeast,Solo owner/operator,1,1,Informal/custom quote,1,Pricing Blind Spots,Production Cost,0,0,0,0,1,2,Slightly confident,Broadly aligned,False,False,True,Frequently,Good,False,exact_raw_email_match,R_PD_000229,R_BM_000069
NNEP-R0250,info5@redbarnworksshop.example,emh_af7aa07841,Red Barn Works Shop,Northeast,6-10 employees,16,3,Cost-plus,10,Partial Pricing System,End Customer Value,3,2,2,2,1,4,Confident,Broadly aligned,True,False,False,Frequently,Good,False,exact_raw_email_match,R_PD_000234,R_BM_000070
NNEP-R0252,info@lakesidecreativellc.example,emh_cbf415516e,Lakeside Creative LLC,West,2-5 employees,19,4,Value-based,19,Strong Pricing System,Capacity Pressure,4,4,4,3,4,5,Very confident,Broadly aligned,False,True,False,Rarely,Very strong,True,exact_raw_email_match,R_PD_000236,R_BM_000071
NNEP-R0258,hello@sunrisewearablescompan.example,emh_c7a3c34287,Sunrise Wearables Company,Canada/Other,Solo owner/operator,1,2,Hybrid/job costing,12,Partial Pricing System,Real Labor,3,2,2,3,2,4,Confident,Broadly aligned,False,True,False,Rarely,Acceptable,False,exact_raw_email_match,R_PD_000242,R_BM_000072
NNEP-R0266,contact@bobbinbrandingllc.example,emh_82d034ab84,Bobbin Branding LLC,West,6-10 employees,33,5,Hybrid/job costing,20,Strong Pricing System,Production Cost,4,4,4,4,4,4,Confident,Broadly aligned,True,False,False,Rarely,Good,True,exact_raw_email_match,R_PD_000249,R_BM_000074
NNEP-R0274,sales@willowworkscompany.example,emh_79d4255e76,Willow Works Company,West,2-5 employees,6,4,Stitch-count based,5,Pricing Blind Spots,Intended Profit,2,1,0,1,1,2,Slightly confident,Broadly aligned,True,True,False,Frequently,Acceptable,True,normalized_email_match,R_PD_000256,R_BM_000076
NNEP-R0288,office1@mapleteamwearcollectiv.example,emh_a50198516c,Maple Teamwear Collective,West,2-5 employees,12,6,Informal/custom quote,12,Partial Pricing System,Intended Profit,3,3,2,2,2,2,Slightly confident,Broadly aligned,True,True,False,Sometimes,Variable,False,exact_raw_email_match,R_PD_000270,R_BM_000077
NNEP-R0294,info@needledesignsshop.example,emh_763c38789a,Needle Designs Shop,Midwest,Solo owner/operator,7,3,Stitch-count based,5,Pricing Blind Spots,Capacity Pressure,2,1,1,0,1,1,Not confident,Broadly aligned,False,True,False,Rarely,Acceptable,False,exact_raw_email_match,R_PD_000276,R_BM_000078
NNEP-R0300,info@stitchcreative.example,emh_d3c594bd05,Stitch Creative,West,2-5 employees,1,6,Hybrid/job costing,17,Strong Pricing System,Intended Profit,4,4,3,3,3,3,Somewhat confident,Underconfident relative to diagnostic,True,True,True,Sometimes,Very strong,False,exact_raw_email_match,R_PD_000282,R_BM_000079
NNEP-R0303,sales2@cedarlogoshopcompany.example,emh_07193c09dc,Cedar Logo Shop Company,Northeast,11-25 employees,19,12,Hybrid/job costing,18,Strong Pricing System,Production Cost,3,4,3,4,4,4,Confident,Broadly aligned,True,True,False,Rarely,Acceptable,False,exact_raw_email_match,R_PD_000285,R_BM_000080
NNEP-R0309,office1@willowneedleworkscompa.example,emh_6b8faa30e8,Willow Needleworks Company,South,Solo owner/operator,19,2,Hybrid/job costing,15,Partial Pricing System,Intended Profit,3,4,2,3,3,4,Confident,Broadly aligned,False,False,False,Sometimes,Variable,True,exact_raw_email_match,R_PD_000288,R_BM_000084
NNEP-R0311,contact@prairiedesignsstudio.example,emh_f41eab0c2f,Prairie Designs Studio,South,6-10 employees,1,2,Cost-plus,12,Partial Pricing System,Real Labor,3,1,2,2,4,2,Slightly confident,Broadly aligned,False,False,False,Rarely,Variable,False,exact_raw_email_match,R_PD_000290,R_BM_000085
NNEP-R0317,owner@brightdecoratedgoodssh.example,emh_93664f50c6,Bright Decorated Goods Shop,South,2-5 employees,6,2,Hybrid/job costing,15,Partial Pricing System,Capacity Pressure,4,3,3,2,3,3,Somewhat confident,Broadly aligned,False,True,True,Frequently,Very strong,False,exact_raw_email_match,R_PD_000296,R_BM_000086
NNEP-R0318,sales@hoopcustomscollective.example,emh_260609e6ba,Hoop Customs Collective,West,26+ employees,26,30,Hourly rate,20,Strong Pricing System,Production Cost,4,4,4,4,4,3,Somewhat confident,Underconfident relative to diagnostic,True,False,False,Rarely,Good,False,exact_raw_email_match,R_PD_000297,R_BM_000087
NNEP-R0323,info1@cedarcustomsgroup.example,emh_6d6074faad,Cedar Customs Group,South,6-10 employees,9,6,Cost-plus,9,Partial Pricing System,Capacity Pressure,2,2,2,1,2,4,Confident,Broadly aligned,True,True,True,Never,Variable,False,exact_raw_email_match,R_PD_000302,R_BM_000088
NNEP-R0325,owner@crownprintstitch.example,emh_8dc56baec9,Crown Print & Stitch,West,Solo owner/operator,16,1,Hybrid/job costing,15,Partial Pricing System,Capacity Pressure,4,3,3,2,3,4,Confident,Broadly aligned,False,True,False,Sometimes,Acceptable,True,exact_raw_email_match,R_PD_000304,R_BM_000089
NNEP-R0331,owner@mapledecoratedgoodsstu.example,emh_fb9428fd3f,Maple Decorated Goods Studio,Northeast,6-10 employees,5,6,Cost-plus,17,Strong Pricing System,Intended Profit,4,4,2,4,3,4,Confident,Broadly aligned,True,True,True,Rarely,Very strong,True,exact_raw_email_match,R_PD_000309,R_BM_000091
NNEP-R0334,office@brightstitchco.example,emh_4c91c422f2,Bright Stitch Co.,Midwest,Solo owner/operator,15,1,Hybrid/job costing,14,Partial Pricing System,Intended Profit,4,3,2,2,3,5,Very confident,Potentially overconfident,False,True,False,Sometimes,Struggling,True,normalized_email_match,R_PD_000312,R_BM_000092
NNEP-R0344,sales@summitworksllc.example,emh_346fd56f98,Summit Works LLC,Midwest,Solo owner/operator,8,1,Stitch-count based,10,Partial Pricing System,Production Cost,2,2,2,2,2,3,Somewhat confident,Broadly aligned,False,True,True,Sometimes,Variable,False,exact_raw_email_match,R_PD_000320,R_BM_000095
NNEP-R0346,owner@summitdesignsstudio.example,emh_dafccced6f,Summit Designs Studio,West,2-5 employees,11,2,Informal/custom quote,1,Pricing Blind Spots,Real Labor,1,0,0,0,0,4,Confident,Overconfident relative to diagnostic,True,False,False,Sometimes,Very strong,False,exact_raw_email_match,R_PD_000322,R_BM_000096
NNEP-R0354,contact4@crowncreativeshop.example,emh_0fbb17a40b,Crown Creative Shop,Midwest,Solo owner/operator,0,2,Stitch-count based,1,Pricing Blind Spots,Production Cost,0,1,0,0,0,2,Slightly confident,Broadly aligned,True,False,True,Rarely,Struggling,False,exact_raw_email_match,R_PD_000329,R_BM_000098
NNEP-R0370,office6@ironmonogramscompany13.example,emh_4295562655,Iron Monograms Company #1370,West,2-5 employees,6,4,Stitch-count based,12,Partial Pricing System,Real Labor,3,2,2,2,3,4,Confident,Broadly aligned,True,True,True,Never,Very strong,False,exact_raw_email_match,R_PD_000344,R_BM_000100
NNEP-R0371,hello@stitchteamwearcollecti.example,emh_5d47e24210,Stitch Teamwear Collective #1371,Midwest,2-5 employees,12,4,Hybrid/job costing,12,Partial Pricing System,Real Labor,3,2,2,2,3,3,Somewhat confident,Broadly aligned,True,True,True,Rarely,Very strong,False,exact_raw_email_match,R_PD_000345,R_BM_000101
NNEP-R0375,office@needleprintstitch1375.example,emh_8b113c04b9,Needle Print & Stitch #1375,South,Solo owner/operator,1,1,Hourly rate,1,Pricing Blind Spots,Real Labor,1,0,0,0,0,3,Somewhat confident,Broadly aligned,False,False,False,Sometimes,Struggling,False,manual_review_suggested,R_PD_000348,R_BM_000103
NNEP-R0377,info@oakwearablesllc1377.example,emh_c7bd5ebbbb,Oak Wearables LLC #1377,Midwest,6-10 employees,23,4,Value-based,19,Strong Pricing System,Intended Profit,4,4,3,4,4,5,Very confident,Broadly aligned,True,True,True,Rarely,Very strong,False,exact_raw_email_match,R_PD_000350,R_BM_000104
NNEP-R0382,sales4@mapleapparelcompany138.example,emh_9d3ac07a33,Maple Apparel Company #1382,South,26+ employees,13,30,Stitch-count based,17,Strong Pricing System,Capacity Pressure,4,4,4,2,3,4,Confident,Broadly aligned,False,True,True,Sometimes,Acceptable,False,exact_raw_email_match,R_PD_000355,R_BM_000105
NNEP-R0387,office@riverdecoratedgoodsstu.example,emh_3124e50cdb,River Decorated Goods Studio #1387,Canada/Other,26+ employees,24,24,Hybrid/job costing,18,Strong Pricing System,Real Labor,4,3,4,3,4,5,Very confident,Broadly aligned,False,True,False,Rarely,Variable,True,normalized_email_match,R_PD_000358,R_BM_000108
NNEP-R0394,hello2@mapledecoratedgoodsstu.example,emh_b184336d30,Maple Decorated Goods Studio #1394,South,6-10 employees,0,5,Cost-plus,8,Partial Pricing System,Intended Profit,2,2,1,1,2,4,Confident,Broadly aligned,False,False,False,Rarely,Struggling,True,exact_raw_email_match,R_PD_000364,R_BM_000110
NNEP-R0399,contact0@ironcreative1399.example,emh_9a71851196,Iron Creative #1399,West,Solo owner/operator,8,1,Hourly rate,13,Partial Pricing System,Real Labor,4,2,3,2,2,5,Very confident,Potentially overconfident,True,False,False,Sometimes,Good,True,exact_raw_email_match,R_PD_000369,R_BM_000111
NNEP-R0403,quotes@willowstudiostudio1403.example,emh_e4aa1679da,Willow Studio Studio #1403,Northeast,6-10 employees,0,2,Informal/custom quote,12,Partial Pricing System,Real Labor,4,2,2,2,2,3,Somewhat confident,Broadly aligned,False,True,False,Frequently,Struggling,True,exact_raw_email_match,R_PD_000372,R_BM_000113
NNEP-R0412,info@blueridgedecoratedgood.example,emh_d00fdbc5d7,Blue Ridge Decorated Goods Collective #1412,Northeast,Solo owner/operator,4,3,Informal/custom quote,2,Pricing Blind Spots,Real Labor,1,0,0,0,1,2,Slightly confident,Broadly aligned,False,False,False,Rarely,Variable,True,exact_raw_email_match,R_PD_000381,R_BM_000114
NNEP-R0415,office@cedarcustomscollective.example,emh_6903a3c879,Cedar Customs Collective #1415,Midwest,11-25 employees,17,15,Hybrid/job costing,20,Strong Pricing System,Production Cost,4,4,4,4,4,5,Very confident,Broadly aligned,True,False,True,Frequently,Good,False,exact_raw_email_match,R_PD_000383,R_BM_000116
NNEP-R0417,info@redbarnapparelstudio14.example,emh_5ecfd866b6,Red Barn Apparel Studio #1417,Midwest,2-5 employees,21,3,Hybrid/job costing,15,Partial Pricing System,Intended Profit,4,3,2,3,3,3,Somewhat confident,Broadly aligned,True,False,True,Never,Variable,False,exact_raw_email_match,R_PD_000385,R_BM_000117
NNEP-R0425,office5@stitchcreativecompany1.example,emh_e2f6215931,Stitch Creative Company #1425,West,11-25 employees,13,12,Value-based,18,Strong Pricing System,Capacity Pressure,4,4,4,3,3,4,Confident,Broadly aligned,False,True,False,Sometimes,Acceptable,False,exact_raw_email_match,R_PD_000392,R_BM_000119
NNEP-R0433,quotes@bobbincreativestudio14.example,emh_6c092b8208,Bobbin Creative Studio #1433,Midwest,Solo owner/operator,0,1,Informal/custom quote,0,Pricing Blind Spots,Production Cost,0,0,0,0,0,3,Somewhat confident,Broadly aligned,False,False,True,Rarely,Good,False,exact_raw_email_match,R_PD_000400,R_BM_000120
NNEP-R0442,office@sunrisecreativestudio1.example,emh_e5ca5eab24,Sunrise Creative Studio #1442,South,6-10 employees,10,2,Stitch-count based,8,Partial Pricing System,Intended Profit,2,2,1,1,2,2,Slightly confident,Broadly aligned,False,True,False,Never,Very strong,False,exact_raw_email_match,R_PD_000409,R_BM_000121
NNEP-R0443,contact@stitchapparelstudio144.example,emh_922bca7521,Stitch Apparel Studio #1443,Northeast,2-5 employees,1,3,Value-based,14,Partial Pricing System,Intended Profit,4,3,2,2,3,3,Somewhat confident,Broadly aligned,True,True,True,Sometimes,Struggling,True,exact_raw_email_match,R_PD_000410,R_BM_000122
NNEP-R0446,quotes5@northstarapparelstudio.example,emh_b99e5eee73,North Star Apparel Studio #1446,Midwest,11-25 employees,2,10,Informal/custom quote,10,Partial Pricing System,Production Cost,2,2,2,2,2,5,Very confident,Potentially overconfident,True,False,False,Rarely,Acceptable,False,exact_raw_email_match,R_PD_000413,R_BM_000123
NNEP-R0452,quotes@urbanapparelstudio1452.example,emh_8afb0e0ab9,Urban Apparel Studio #1452,Northeast,11-25 employees,1,10,Stitch-count based,12,Partial Pricing System,Real Labor,3,2,2,3,2,3,Somewhat confident,Broadly aligned,False,True,False,Frequently,Good,True,normalized_email_match,R_PD_000419,R_BM_000124
NNEP-R0453,owner@goldenthreadsstudio145.example,emh_97721efc8e,Golden Threads Studio #1453,South,26+ employees,18,15,Hybrid/job costing,18,Strong Pricing System,Real Labor,4,3,3,4,4,5,Very confident,Broadly aligned,False,True,True,Sometimes,Acceptable,True,exact_raw_email_match,R_PD_000420,R_BM_000125
NNEP-R0465,info@willowlogoshopllc1465.example,emh_539f2006d4,Willow Logo Shop LLC #1465,Midwest,2-5 employees,14,1,Hourly rate,10,Partial Pricing System,Production Cost,2,2,2,2,2,4,Confident,Broadly aligned,False,False,True,Rarely,Good,True,exact_raw_email_match,R_PD_000431,R_BM_000127
NNEP-R0470,owner@luckythreads1470.example,emh_aeed6d600f,Lucky Threads #1470,South,2-5 employees,2,6,Hybrid/job costing,12,Partial Pricing System,Production Cost,2,2,3,2,3,2,Slightly confident,Broadly aligned,True,True,True,Sometimes,Very strong,False,normalized_email_match,R_PD_000436,R_BM_000128
NNEP-R0473,info4@threadcustomsstudio147.example,emh_49e36bf563,Thread Customs Studio #1473,Midwest,2-5 employees,6,3,Cost-plus,10,Partial Pricing System,Production Cost,2,2,2,2,2,2,Slightly confident,Broadly aligned,True,True,True,Frequently,Good,True,exact_raw_email_match,R_PD_000439,R_BM_000129
NNEP-R0475,hello@prairiedigitizingstudi.example,emh_702d28ba65,Prairie Digitizing Studio #1475,West,2-5 employees,9,2,Stitch-count based,13,Partial Pricing System,Intended Profit,4,3,2,2,2,3,Somewhat confident,Broadly aligned,False,False,True,Sometimes,Good,False,exact_raw_email_match,R_PD_000441,R_BM_000130
NNEP-R0476,info@blueridgedecoratedgood.example,emh_d00fdbc5d7,Blue Ridge Decorated Goods Studio #1476,Northeast,2-5 employees,15,3,Value-based,18,Strong Pricing System,Production Cost,3,4,4,3,4,5,Very confident,Broadly aligned,True,True,True,Rarely,Acceptable,False,exact_raw_email_match,R_PD_000442,R_BM_000131
NNEP-R0479,sales@magnoliaworkscollectiv.example,emh_3fef479b3f,Magnolia Works Collective #1479,West,Solo owner/operator,21,2,Hourly rate,11,Partial Pricing System,Real Labor,3,2,2,2,2,4,Confident,Broadly aligned,False,True,True,Frequently,Good,True,exact_raw_email_match,R_PD_000445,R_BM_000132
NNEP-R0484,quotes@heritageteamweargroup1.example,emh_6cbb6be5a6,Heritage Teamwear Group #1484,South,Solo owner/operator,1,3,Hybrid/job costing,14,Partial Pricing System,Real Labor,4,2,3,2,3,4,Confident,Broadly aligned,False,False,True,Rarely,Good,True,exact_raw_email_match,R_PD_000449,R_BM_000134
NNEP-R0487,owner@oaklogoshopllc1487.example,emh_23116f948f,Oak Logo Shop LLC #1487,Northeast,11-25 employees,16,8,Competitor-based,14,Partial Pricing System,Real Labor,3,2,3,3,3,3,Somewhat confident,Broadly aligned,False,False,True,Frequently,Good,True,exact_raw_email_match,R_PD_000451,R_BM_000136
NNEP-R0489,owner6@oakdesigns1489.example,emh_6df32fb305,Oak Designs #1489,South,Solo owner/operator,14,1,Hybrid/job costing,13,Partial Pricing System,Real Labor,3,2,3,2,3,5,Very confident,Potentially overconfident,True,True,True,Rarely,Acceptable,True,exact_raw_email_match,R_PD_000453,R_BM_000137
NNEP-R0496,quotes@willowlogoshopcompany1.example,emh_eeb4c188cf,Willow Logo Shop Company #1496,Northeast,Solo owner/operator,27,4,Hybrid/job costing,18,Strong Pricing System,Intended Profit,4,4,3,3,4,5,Very confident,Broadly aligned,True,True,True,Rarely,Acceptable,False,normalized_email_match,R_PD_000460,R_BM_000138
NNEP-R0500,sales@brightembroidery1500.example,emh_244fa670ae,Bright Embroidery #1500,Northeast,6-10 employees,5,10,Hybrid/job costing,18,Strong Pricing System,Intended Profit,4,4,3,3,4,5,Very confident,Broadly aligned,False,False,True,Never,Variable,True,exact_raw_email_match,R_PD_000464,R_BM_000139
NNEP-R0507,quotes@northstardecoratedgood.example,emh_e418ac64c0,North Star Decorated Goods Shop #1507,Northeast,Solo owner/operator,16,1,Stitch-count based,9,Partial Pricing System,Capacity Pressure,2,2,2,1,2,1,Not confident,Broadly aligned,True,False,False,Sometimes,Variable,False,exact_raw_email_match,R_PD_000471,R_BM_000140
NNEP-R0521,hello3@heritagelogoshopcollec.example,emh_df4e46d0f5,Heritage Logo Shop Collective #1521,Northeast,Solo owner/operator,7,1,Cost-plus,11,Partial Pricing System,Real Labor,3,2,2,2,2,3,Somewhat confident,Broadly aligned,True,True,False,Never,Variable,True,exact_raw_email_match,R_PD_000485,R_BM_000141
NNEP-R0524,office6@urbancustomscompany152.example,emh_a72da62d05,Urban Customs Company #1524,South,26+ employees,26,10,Informal/custom quote,18,Strong Pricing System,Production Cost,3,4,3,4,4,3,Somewhat confident,Underconfident relative to diagnostic,True,True,False,Rarely,Acceptable,False,normalized_email_match,R_PD_000488,R_BM_000142
NNEP-R0533,owner@magnoliacreative1533.example,emh_b6d4bf1710,Magnolia Creative #1533,South,Solo owner/operator,8,1,Hybrid/job costing,8,Partial Pricing System,Capacity Pressure,2,2,2,1,1,3,Somewhat confident,Broadly aligned,False,False,False,Sometimes,Variable,False,exact_raw_email_match,R_PD_000496,R_BM_000144
NNEP-R0535,owner3@willowneedleworksshop1.example,emh_4232f7e622,Willow Needleworks Shop #1535,West,26+ employees,16,15,Hybrid/job costing,20,Strong Pricing System,Production Cost,4,4,4,4,4,4,Confident,Broadly aligned,True,True,False,Sometimes,Good,False,exact_raw_email_match,R_PD_000498,R_BM_000145
NNEP-R0537,contact@mainstreetdecoratedgoo.example,emh_f9ba10b267,Main Street Decorated Goods Shop #1537,South,Solo owner/operator,20,1,Cost-plus,14,Partial Pricing System,Capacity Pressure,3,3,3,2,3,4,Confident,Broadly aligned,False,False,True,Frequently,Variable,False,exact_raw_email_match,R_PD_000500,R_BM_000146
NNEP-R0542,contact@redbarnthreads1542.example,emh_4266317016,Red Barn Threads #1542,Northeast,11-25 employees,2,8,Hourly rate,14,Partial Pricing System,Intended Profit,4,3,2,2,3,5,Very confident,Potentially overconfident,True,True,True,Never,Variable,False,normalized_email_match,R_PD_000505,R_BM_000147
NNEP-R0544,quotes@willowembroiderycompan.example,emh_545b2c0716,Willow Embroidery Company #1544,South,11-25 employees,20,8,Cost-plus,18,Strong Pricing System,Real Labor,4,3,4,3,4,5,Very confident,Broadly aligned,True,True,True,Frequently,Acceptable,True,exact_raw_email_match,R_PD_000507,R_BM_000148
NNEP-R0546,quotes@prairieapparel1546.example,emh_d70171e6f2,Prairie Apparel #1546,Midwest,2-5 employees,11,4,Hybrid/job costing,17,Strong Pricing System,Intended Profit,4,3,2,4,4,4,Confident,Broadly aligned,True,True,True,Sometimes,Very strong,False,normalized_email_match,R_PD_000509,R_BM_000149
NNEP-R0548,contact@riverlogoshopllc1548.example,emh_32bc4c35fe,River Logo Shop LLC #1548,South,Solo owner/operator,9,1,Cost-plus,3,Pricing Blind Spots,Real Labor,1,0,1,0,1,3,Somewhat confident,Broadly aligned,True,True,False,Frequently,Variable,True,exact_raw_email_match,R_PD_000511,R_BM_000150
NNEP-R0552,info6@crowndigitizingshop155.example,emh_2f1b29daff,Crown Digitizing Shop #1552,West,2-5 employees,0,2,Cost-plus,13,Partial Pricing System,Real Labor,3,2,3,2,3,4,Confident,Broadly aligned,True,True,False,Never,Variable,True,manual_review_suggested,R_PD_000515,R_BM_000151
NNEP-R0557,contact4@willowdigitizingstudio.example,emh_88441b6fdd,Willow Digitizing Studio #1557,South,2-5 employees,2,4,Informal/custom quote,5,Pricing Blind Spots,Intended Profit,2,2,0,0,1,3,Somewhat confident,Broadly aligned,False,False,True,Sometimes,Struggling,False,exact_raw_email_match,R_PD_000520,R_BM_000152
NNEP-R0559,info@summitdigitizing1559.example,emh_281e8d0d19,Summit Digitizing #1559,Midwest,2-5 employees,32,3,Informal/custom quote,4,Pricing Blind Spots,Intended Profit,1,1,0,1,1,2,Slightly confident,Broadly aligned,True,False,True,Sometimes,Struggling,False,exact_raw_email_match,R_PD_000522,R_BM_000153
NNEP-R0566,contact@needlecustomsllc1566.example,emh_888cf957d2,Needle Customs LLC #1566,West,2-5 employees,11,6,Stitch-count based,9,Partial Pricing System,Capacity Pressure,2,2,2,0,3,3,Somewhat confident,Broadly aligned,True,False,False,Sometimes,Good,False,exact_raw_email_match,R_PD_000527,R_BM_000156
NNEP-R0572,owner@crownworkscompany1572.example,emh_3765304439,Crown Works Company #1572,Northeast,6-10 employees,2,3,Value-based,20,Strong Pricing System,Production Cost,4,4,4,4,4,5,Very confident,Broadly aligned,True,True,False,Sometimes,Very strong,True,exact_raw_email_match,R_PD_000533,R_BM_000157
NNEP-R0573,info@threadstitchcollc1573.example,emh_d067a58522,Thread Stitch Co. LLC #1573,Canada/Other,Solo owner/operator,31,1,Stitch-count based,11,Partial Pricing System,Production Cost,2,3,2,2,2,3,Somewhat confident,Broadly aligned,False,False,False,Rarely,Acceptable,False,exact_raw_email_match,R_PD_000534,R_BM_000158
NNEP-R0575,info@goldenlogoshopcompany1.example,emh_7acf897108,Golden Logo Shop Company #1575,South,11-25 employees,10,12,Hourly rate,13,Partial Pricing System,Capacity Pressure,4,3,2,1,3,3,Somewhat confident,Broadly aligned,False,False,False,Rarely,Good,True,exact_raw_email_match,R_PD_000536,R_BM_000159
NNEP-R0584,info@crowndesignscollective.example,emh_5b94b9d861,Crown Designs Collective #1584,South,Solo owner/operator,0,1,Competitor-based,5,Pricing Blind Spots,Real Labor,2,0,2,0,1,3,Somewhat confident,Broadly aligned,False,False,True,Never,Acceptable,False,exact_raw_email_match,R_PD_000544,R_BM_000161
NNEP-R0585,hello4@heritagethreads1585.example,emh_00771e53f5,Heritage Threads #1585,Midwest,Solo owner/operator,2,1,Hybrid/job costing,12,Partial Pricing System,Production Cost,2,3,3,2,2,2,Slightly confident,Broadly aligned,False,True,True,Rarely,Acceptable,True,exact_raw_email_match,R_PD_000545,R_BM_000162
NNEP-R0601,contact@redbarndecoratedgoodsg.example,emh_aa6bc0d982,Red Barn Decorated Goods Group #1601,Midwest,2-5 employees,8,3,Cost-plus,15,Partial Pricing System,Capacity Pressure,3,3,4,1,4,3,Somewhat confident,Broadly aligned,True,False,True,Sometimes,Good,True,exact_raw_email_match,R_PD_000558,R_BM_000166
NNEP-R0619,office@heritagestitchcoshop16.example,emh_a6237f443c,Heritage Stitch Co. Shop #1619,West,2-5 employees,12,2,Hybrid/job costing,19,Strong Pricing System,End Customer Value,4,4,4,4,3,4,Confident,Broadly aligned,False,False,True,Sometimes,Acceptable,False,normalized_email_match,R_PD_000575,R_BM_000168
NNEP-R0622,contact6@needleneedleworksllc16.example,emh_2d1915d88d,Needle Needleworks LLC #1622,Midwest,Solo owner/operator,19,2,Stitch-count based,10,Partial Pricing System,Capacity Pressure,2,3,2,1,2,2,Slightly confident,Broadly aligned,True,True,False,Sometimes,Good,False,exact_raw_email_match,R_PD_000578,R_BM_000169
NNEP-R0630,quotes@willowworksshop1630.example,emh_46e87dc089,Willow Works Shop #1630,South,2-5 employees,27,1,Value-based,15,Partial Pricing System,Capacity Pressure,4,3,4,2,2,3,Somewhat confident,Broadly aligned,False,False,False,Sometimes,Good,False,exact_raw_email_match,R_PD_000585,R_BM_000171
NNEP-R0631,sales@luckydecoratedgoodscom.example,emh_6c91550280,Lucky Decorated Goods Company #1631,South,26+ employees,20,12,Cost-plus,19,Strong Pricing System,Capacity Pressure,4,4,4,3,4,4,Confident,Broadly aligned,True,True,True,Sometimes,Very strong,False,normalized_email_match,R_PD_000586,R_BM_000172
NNEP-R0637,contact0@northstarprintstitchco.example,emh_90d30741d8,North Star Print & Stitch Collective #1637,West,6-10 employees,11,4,Hybrid/job costing,14,Partial Pricing System,Capacity Pressure,3,4,3,2,2,5,Very confident,Potentially overconfident,True,False,True,Frequently,Acceptable,False,exact_raw_email_match,R_PD_000591,R_BM_000174
NNEP-R0645,quotes@lakesidelogoshopcompan.example,emh_7ca1f23651,Lakeside Logo Shop Company #1645,Northeast,Solo owner/operator,15,1,Hybrid/job costing,15,Partial Pricing System,Capacity Pressure,3,4,3,2,3,4,Confident,Broadly aligned,True,True,True,Rarely,Good,False,exact_raw_email_match,R_PD_000599,R_BM_000175
NNEP-R0648,office4@prairiethreadsllc1648.example,emh_3c7245f805,Prairie Threads LLC #1648,Northeast,2-5 employees,12,1,Hybrid/job costing,15,Partial Pricing System,Real Labor,3,2,3,3,4,3,Somewhat confident,Broadly aligned,False,False,True,Sometimes,Acceptable,False,exact_raw_email_match,R_PD_000602,R_BM_000176
NNEP-R0653,hello2@pinecustoms1653.example,emh_74069ba787,Pine Customs #1653,South,11-25 employees,0,6,Hourly rate,12,Partial Pricing System,Real Labor,4,2,2,2,2,4,Confident,Broadly aligned,False,False,False,Sometimes,Acceptable,True,exact_raw_email_match,R_PD_000606,R_BM_000178
NNEP-R0654,hello@needlelogoshop1654.example,emh_3d692ff442,Needle Logo Shop #1654,South,26+ employees,4,20,Value-based,14,Partial Pricing System,Intended Profit,4,3,2,3,2,4,Confident,Broadly aligned,True,True,False,Sometimes,Very strong,False,exact_raw_email_match,R_PD_000607,R_BM_000179
NNEP-R0658,quotes@stitchdesignscompany16.example,emh_9e06470c06,Stitch Designs Company #1658,Midwest,Solo owner/operator,24,3,Hybrid/job costing,8,Partial Pricing System,Real Labor,2,1,2,2,1,4,Confident,Broadly aligned,True,False,False,Frequently,Acceptable,False,exact_raw_email_match,R_PD_000611,R_BM_000180
NNEP-R0665,info0@northstarteamwearllc16.example,emh_57b28410e5,North Star Teamwear LLC #1665,West,Solo owner/operator,20,1,Value-based,15,Partial Pricing System,Intended Profit,4,3,2,3,3,5,Very confident,Potentially overconfident,True,False,False,Rarely,Very strong,False,exact_raw_email_match,R_PD_000618,R_BM_000181
NNEP-R0666,sales1@magnoliacustoms1666.example,emh_12bae6a9d4,Magnolia Customs #1666,West,2-5 employees,20,4,Cost-plus,19,Strong Pricing System,Capacity Pressure,4,4,4,3,4,4,Confident,Broadly aligned,True,False,False,Sometimes,Struggling,False,exact_raw_email_match,R_PD_000619,R_BM_000182
NNEP-R0670,quotes@lakesideworks1670.example,emh_2124cf4b94,Lakeside Works #1670,Midwest,6-10 employees,14,6,Cost-plus,12,Partial Pricing System,Production Cost,2,2,2,2,4,3,Somewhat confident,Broadly aligned,True,False,False,Never,Variable,True,exact_raw_email_match,R_PD_000622,R_BM_000184
NNEP-R0674,sales@sunrisestudiocollectiv.example,emh_da854ccca0,Sunrise Studio Collective #1674,West,11-25 employees,8,15,Stitch-count based,18,Strong Pricing System,Real Labor,4,3,4,3,4,2,Slightly confident,Underconfident relative to diagnostic,True,True,False,Sometimes,Acceptable,True,exact_raw_email_match,R_PD_000626,R_BM_000185
NNEP-R0676,info@redbarnlogoshopllc1676.example,emh_81e07d7bb6,Red Barn Logo Shop LLC #1676,South,2-5 employees,5,1,Hybrid/job costing,19,Strong Pricing System,Capacity Pressure,4,4,4,3,4,4,Confident,Broadly aligned,False,True,False,Rarely,Acceptable,False,exact_raw_email_match,R_PD_000628,R_BM_000186
NNEP-R0682,info@bobbinbrandingcollecti.example,emh_52af52f59d,Bobbin Branding Collective #1682,West,Solo owner/operator,9,1,Hybrid/job costing,18,Strong Pricing System,Production Cost,3,4,4,4,3,4,Confident,Broadly aligned,True,True,True,Sometimes,Struggling,True,exact_raw_email_match,R_PD_000634,R_BM_000187
NNEP-R0688,info2@riverteamweargroup1688.example,emh_8318aea5df,River Teamwear Group #1688,South,11-25 employees,10,8,Cost-plus,18,Strong Pricing System,Intended Profit,4,4,3,3,4,5,Very confident,Broadly aligned,True,False,True,Sometimes,Acceptable,False,exact_raw_email_match,R_PD_000640,R_BM_000188
NNEP-R0689,info@maplebrandingcompany16.example,emh_809388879a,Maple Branding Company #1689,West,Solo owner/operator,13,2,Hybrid/job costing,15,Partial Pricing System,Capacity Pressure,3,3,4,2,3,4,Confident,Broadly aligned,True,False,True,Sometimes,Acceptable,False,exact_raw_email_match,R_PD_000641,R_BM_000189
NNEP-R0690,office@pinethreadscompany1690.example,emh_1535c9c026,Pine Threads Company #1690,West,2-5 employees,16,2,Hybrid/job costing,6,Pricing Blind Spots,Capacity Pressure,3,1,2,0,0,3,Somewhat confident,Broadly aligned,True,True,False,Sometimes,Acceptable,True,exact_raw_email_match,R_PD_000642,R_BM_000190
NNEP-R0692,quotes@oakbrandingcollective1.example,emh_ff3fea5a5f,Oak Branding Collective #1692,South,Solo owner/operator,0,1,Stitch-count based,9,Partial Pricing System,Intended Profit,2,2,1,2,2,2,Slightly confident,Broadly aligned,False,False,False,Sometimes,Variable,False,normalized_email_match,R_PD_000644,R_BM_000191
NNEP-R0694,owner@stitchprintstitchshop1.example,emh_081ee15a64,Stitch Print & Stitch Shop #1694,West,Solo owner/operator,5,1,Hybrid/job costing,14,Partial Pricing System,Real Labor,4,2,2,3,3,4,Confident,Broadly aligned,False,False,False,Never,Very strong,False,exact_raw_email_match,R_PD_000646,R_BM_000192
NNEP-R0696,sales@crownworksgroup1696.example,emh_554cd375fb,Crown Works Group #1696,Midwest,2-5 employees,0,1,Hybrid/job costing,4,Pricing Blind Spots,Real Labor,2,0,1,1,0,2,Slightly confident,Broadly aligned,True,False,True,Never,Good,True,exact_raw_email_match,R_PD_000648,R_BM_000193
NNEP-R0703,contact@brightdesignsgroup1703.example,emh_460172d59f,Bright Designs Group #1703,South,6-10 employees,2,12,Stitch-count based,15,Partial Pricing System,Intended Profit,4,4,2,2,3,4,Confident,Broadly aligned,True,True,True,Never,Struggling,True,exact_raw_email_match,R_PD_000655,R_BM_000194
NNEP-R0704,sales@luckyprintstitchllc170.example,emh_41422c0988,Lucky Print & Stitch LLC #1704,West,Solo owner/operator,5,3,Stitch-count based,15,Partial Pricing System,Capacity Pressure,3,4,3,2,3,4,Confident,Broadly aligned,True,True,True,Sometimes,Good,True,exact_raw_email_match,R_PD_000656,R_BM_000195
NNEP-R0705,sales@willowwearablesshop170.example,emh_be03715b72,Willow Wearables Shop #1705,West,Solo owner/operator,9,1,Stitch-count based,4,Pricing Blind Spots,Capacity Pressure,2,1,1,0,0,3,Somewhat confident,Broadly aligned,False,False,True,Never,Acceptable,False,exact_raw_email_match,R_PD_000657,R_BM_000196
NNEP-R0727,owner6@northstarworksshop1727.example,emh_6eb563f9b7,North Star Works Shop #1727,Northeast,2-5 employees,8,3,Cost-plus,15,Partial Pricing System,Capacity Pressure,3,3,3,2,4,3,Somewhat confident,Broadly aligned,True,True,True,Never,Acceptable,False,exact_raw_email_match,R_PD_000677,R_BM_000199
NNEP-R0729,quotes@maplethreadsstudio1729.example,emh_2ddd6b324a,Maple Threads Studio #1729,Midwest,Solo owner/operator,0,1,Competitor-based,0,Pricing Blind Spots,Production Cost,0,0,0,0,0,1,Not confident,Broadly aligned,False,False,False,Sometimes,Good,False,exact_raw_email_match,R_PD_000679,R_BM_000200
