canonical_email,business_name_clean_diag,region_diag,business_size_diag,annual_revenue_band_diag,years_in_operation_diag,years_in_operation_band,machine_count_diag,primary_business_model_diag,customer_mix,current_pricing_method,price_review_frequency_diag,production_cost_score,real_labor_score,intended_profit_score,capacity_pressure_score,end_customer_value_score,diagnostic_total_score,pricing_maturity_tier,has_structured_pricing_system,labor_underpriced_flag,profit_target_missing_flag,capacity_pricing_gap_flag,Open Comment,q1_score,q2_score,q3_score,q4_score,q5_score,q6_score,q7_score,q8_score,q9_score,q10_score,business_size_segment,revenue_segment,experience_segment,pricing_method_segment,customer_focus_segment,weakest_driver_segment,region_segment,business_name_clean_bench,region_bench,business_size_bench,annual_revenue_band_bench,years_in_operation_bench,machine_count_bench,primary_business_model_bench,primary_pricing_method,hourly_rate_estimate_usd,stitch_rate_per_1000,minimum_order_quantity,minimum_job_charge_usd,charges_setup_fee,setup_fee_policy,charges_rush_fee,rush_fee_policy,discounting_frequency,price_review_frequency_bench,confidence_score_1_5,pricing_confidence_level,perceived_profitability,plans_price_increase_2026,Benchmark open comment
info1@oakstitchcocompany.example,Oak Stitch Co. Company,West,2-5 employees,Unknown,1,<2,2,Custom embroidery,Mixed,Unknown,Before every quote,2,3,2,3,3,13,Partial Pricing System,False,False,False,False,I need a better way to account for setup time.,1,1,2,1,1,1,1,2,2,1,2-5 employees,Unknown,Newcomer (0-3 yrs),Unknown,Mixed,Production Cost,West,Oak Stitch Co. Company,West,2-5 employees,$100k-$250k,1.0,2.0,Custom embroidery,Unknown,118.0,,,100.0,True,Always/standard,True,Published percentage/flat fee,Rarely,Before every quote,3.0,Somewhat confident,Very strong,False,
owner@oaklogoshopllc1487.example,Oak Logo Shop Llc #1487,Northeast,2-5 employees,Prefer not to say,16,11-20,8,Contract embroidery,Mixed,Competitor-based,Annually,3,2,3,3,3,14,Partial Pricing System,False,False,False,False,,1,2,1,1,2,1,2,1,1,2,2-5 employees,Unknown,Veteran (11-20),Competitor-based,Mixed,Real Labor,Northeast,Oak Logo Shop Llc #1487,Northeast,2-5 employees,$500k-$1M,16.0,8.0,Contract embroidery,Competitor-based,,1.7,36.0,,True,Sometimes/depends,False,Case-by-case,Frequently,Annually,3.0,Somewhat confident,Good,False,
info@oakwearablesllc1377.example,Oak Wearables Llc #1377,Midwest,6-10 employees,$250k-$500k,20,11-20,4,Decorated apparel,Mostly consumers,Informal/custom quote,Annually,4,4,3,4,4,19,Strong Pricing System,True,False,False,False,,2,2,2,2,2,1,2,2,2,2,6-10 employees,$100k-$500k,Veteran (11-20),Informal/custom quote,Consumer,Intended Profit,Midwest,Oak Wearables Llc #1377,Midwest,6-10 employees,$250k-$500k,23.0,4.0,Decorated apparel,Value-based,126.0,1.7,6.0,,True,Always/standard,True,Published percentage/flat fee,Rarely,Annually,5.0,Very confident,Very strong,False,We need a better price sheet.
quotes1@mainstreetthreadsstudi.example,Main Street Threads Studio,Northeast,2-5 employees,$250k-$500k,12,11-20,3,Custom embroidery,Mostly consumers,Stitch-count based,Annually,4,2,2,2,2,12,Partial Pricing System,False,False,False,False,Pricing is the hardest part of the business.,2,2,1,1,1,1,1,1,1,1,2-5 employees,$100k-$500k,Veteran (11-20),Stitch-count based,Consumer,Real Labor,Northeast,Main Street Threads Studio,Northeast,2-5 employees,Unknown,12.0,3.0,Custom embroidery,Stitch-count based,115.0,1.88,,150.0,False,No,False,No,Sometimes,Annually,3.0,Somewhat confident,Acceptable,False,
info@bobbinbrandingcollecti.example,Bobbin Branding Collective #1682,West,Solo owner/operator,$50k-$100k,9,6-10,1,Custom embroidery,Small business/local orgs,Cost-plus,Quarterly,3,4,4,4,3,18,Strong Pricing System,True,False,False,False,Pricing is the hardest part of the business.,2,1,2,2,2,2,2,2,1,2,Solo owner/operator,Under $100k,Established (4-10),Cost-plus,Mixed,Production Cost,West,Bobbin Branding Collective #1682,West,Unknown,$50k-$100k,9.0,1.0,Custom embroidery,Cost-plus,112.0,2.1,,50.0,True,Always/standard,True,Published percentage/flat fee,Sometimes,Quarterly,4.0,Confident,Struggling,True,Minimums changed everything for us.
office@heritageneedleworkscom.example,Heritage Needleworks Company,Midwest,Solo owner/operator,$250k-$500k,0,<2,2,Custom embroidery,Small business/local orgs,Competitor-based,Unknown,1,0,1,0,0,2,Pricing Blind Spots,False,True,True,True,I need a better way to account for setup time.,0,1,0,0,1,0,0,0,0,0,Solo owner/operator,$100k-$500k,Newcomer (0-3 yrs),Competitor-based,Mixed,Real Labor,Midwest,Heritage Needleworks Company,Midwest,Solo owner/operator,$250k-$500k,0.0,2.0,Custom embroidery,Competitor-based,51.0,1.16,,25.0,True,Sometimes/depends,False,Case-by-case,Never,Unknown,1.0,Not confident,Good,False,Minimums changed everything for us.
hello@riverdigitizingllc.example,River Digitizing Llc,Unknown,2-5 employees,$100k-$250k,15,11-20,10,Decorated apparel,Mostly consumers,Unknown,Quarterly,3,3,4,3,4,17,Strong Pricing System,True,False,False,False,,1,2,2,1,2,2,2,1,2,2,2-5 employees,$100k-$500k,Veteran (11-20),Unknown,Consumer,Production Cost,Unknown,River Digitizing Llc,Northeast,2-5 employees,Prefer not to say,15.0,10.0,Decorated apparel,Unknown,160.0,1.08,,,True,Always/standard,True,Published percentage/flat fee,Sometimes,Quarterly,5.0,Very confident,Good,False,Minimums changed everything for us.
hello4@heritagethreads1585.example,Heritage Threads #1585,Midwest,Solo owner/operator,$50k-$100k,2,2-5,1,Mixed services,Mixed,Hybrid/job costing,Annually,2,3,3,2,2,12,Partial Pricing System,False,False,False,False,We are trying to stop undercharging.,1,1,1,2,2,1,1,1,1,1,Solo owner/operator,Under $100k,Newcomer (0-3 yrs),Hybrid/job costing,Mixed,Production Cost,Midwest,Heritage Threads #1585,Midwest,Solo owner/operator,$50k-$100k,2.0,1.0,Mixed services,Cost-plus,104.0,1.32,12.0,,False,No,True,Published percentage/flat fee,Rarely,Annually,2.0,Slightly confident,Acceptable,False,
quotes@stitchdesignscompany16.example,Stitch Designs Company #1658,Midwest,Unknown,$100k-$250k,20,11-20,3,Contract embroidery,Schools/teams,Hybrid/job costing,Unknown,2,1,2,2,1,8,Partial Pricing System,False,True,False,False,Rush jobs are where we get into trouble.,1,1,0,1,1,1,1,1,1,0,Unknown,$100k-$500k,Veteran (11-20),Hybrid/job costing,Mixed,Real Labor,Midwest,Stitch Designs Company #1658,Midwest,Solo owner/operator,$100k-$250k,24.0,3.0,Contract embroidery,Stitch-count based,109.0,1.32,1.0,,True,Always/standard,False,No,Frequently,Unknown,4.0,Confident,Acceptable,False,I worry about losing repeat customers.
sales@cedarmonogramsllc.example,Cedar Monograms Llc,South,2-5 employees,$500k-$1M,6,6-10,2,Custom embroidery,Mixed,Cost-plus,When costs change,1,1,2,0,0,4,Pricing Blind Spots,False,True,False,True,Most customers compare us by stitch count.,1,0,0,1,1,1,0,0,0,0,2-5 employees,$500k+,Established (4-10),Cost-plus,Mixed,Capacity Pressure,South,Cedar Monograms Llc,South,2-5 employees,$500k-$1M,6.0,2.0,Custom embroidery,Hybrid/job costing,84.0,0.99,,,False,No,False,No,Rarely,When costs change,1.0,Not confident,Good,False,We need a better price sheet.
sales@crownworksgroup1696.example,Crown Works Group #1696,Midwest,2-5 employees,$50k-$100k,0,<2,1,Custom embroidery,Small business/local orgs,Cost-plus,When costs change,2,0,1,1,0,4,Pricing Blind Spots,False,True,True,True,I need a better way to account for setup time.,1,1,0,0,1,0,0,1,0,0,2-5 employees,Under $100k,Newcomer (0-3 yrs),Cost-plus,Mixed,Real Labor,Midwest,Crown Works Group #1696,Midwest,2-5 employees,$50k-$100k,0.0,1.0,Custom embroidery,Stitch-count based,101.0,0.55,,,True,Always/standard,False,No,Never,When costs change,2.0,Slightly confident,Good,True,
office@brightstitchco.example,Bright Stitch Co.,Midwest,Solo owner/operator,$100k-$250k,15,11-20,1,Custom embroidery,Mixed,Cost-plus,When costs change,4,3,2,2,3,14,Partial Pricing System,False,False,False,False,Most customers compare us by stitch count.,2,2,2,1,1,1,2,0,1,2,Solo owner/operator,$100k-$500k,Veteran (11-20),Cost-plus,Mixed,Intended Profit,Midwest,Bright Stitch Co.,Midwest,Unknown,$100k-$250k,15.0,1.0,Custom embroidery,Cost-plus,89.0,1.52,,,False,No,True,Published percentage/flat fee,Sometimes,When costs change,5.0,Very confident,Unknown,True,Customers are more price-sensitive this year.
quotes@riverstitchcollc.example,River Stitch Co. Llc,Midwest,6-10 employees,$250k-$500k,14,11-20,5,Mixed services,Corporate/commercial,Hybrid/job costing,When costs change,4,2,2,2,2,12,Partial Pricing System,False,False,False,False,We are trying to stop undercharging.,2,2,1,1,1,1,1,1,1,1,6-10 employees,$100k-$500k,Veteran (11-20),Hybrid/job costing,B2B,Real Labor,Midwest,River Stitch Co. Llc,Midwest,6-10 employees,$250k-$500k,14.0,5.0,Mixed services,Stitch-count based,95.0,1.46,,150.0,True,Always/standard,True,Published percentage/flat fee,Sometimes,When costs change,2.0,Slightly confident,Variable,False,
info2@riverteamweargroup1688.example,River Teamwear Group #1688,South,2-5 employees,$250k-$500k,10,6-10,8,Decorated apparel,Small business/local orgs,Cost-plus,Quarterly,4,4,3,3,4,18,Strong Pricing System,True,False,False,False,Pricing is the hardest part of the business.,2,2,2,2,1,2,1,2,2,2,2-5 employees,$100k-$500k,Established (4-10),Cost-plus,Mixed,Intended Profit,South,River Teamwear Group #1688,South,2-5 employees,$250k-$500k,10.0,8.0,Decorated apparel,Cost-plus,100.0,2.2,1.0,,True,Always/standard,False,No,Sometimes,Quarterly,5.0,Very confident,Acceptable,False,I worry about losing repeat customers.
owner@summitdesignsstudio.example,Summit Designs Studio,West,2-5 employees,$100k-$250k,11,11-20,2,Custom embroidery,Schools/teams,Informal/custom quote,When costs change,1,0,0,0,0,1,Pricing Blind Spots,False,True,True,True,I need a better way to account for setup time.,1,0,0,0,0,0,0,0,0,0,2-5 employees,$100k-$500k,Veteran (11-20),Informal/custom quote,Mixed,Real Labor,West,Summit Designs Studio,West,2-5 employees,$100k-$250k,11.0,2.0,Custom embroidery,Informal/custom quote,94.0,0.77,,150.0,True,Always/standard,False,No,Sometimes,When costs change,4.0,Confident,Very strong,False,Customers are more price-sensitive this year.
contact@bobbinbrandingllc.example,Bobbin Branding Llc,West,6-10 employees,$250k-$500k,33,21+,5,Custom embroidery,Small business/local orgs,Hybrid/job costing,Annually,4,4,4,4,4,20,Strong Pricing System,True,False,False,False,Rush jobs are where we get into trouble.,2,2,2,2,2,2,2,2,2,2,6-10 employees,$100k-$500k,Legacy (21+),Hybrid/job costing,Mixed,Production Cost,West,Bobbin Branding Llc,West,6-10 employees,$250k-$500k,20.0,5.0,Custom embroidery,Cost-plus,139.0,1.79,,,True,Always/standard,False,Case-by-case,Rarely,Annually,3.0,Somewhat confident,Good,True,
info@needledesignsshop.example,Needle Designs Shop,Midwest,Solo owner/operator,$100k-$250k,7,6-10,3,Promotional products,Schools/teams,Stitch-count based,When costs change,2,1,1,0,1,5,Pricing Blind Spots,False,True,True,True,,1,1,0,1,0,1,0,0,1,0,Solo owner/operator,$100k-$500k,Established (4-10),Stitch-count based,Mixed,Capacity Pressure,Midwest,Needle Designs Shop,Midwest,Solo owner/operator,$100k-$250k,7.0,3.0,Promotional products,Stitch-count based,75.0,1.4,12.0,,False,No,False,Case-by-case,Rarely,When costs change,1.0,Not confident,Acceptable,False,Customers are more price-sensitive this year.
quotes@prairieapparel1546.example,Prairie Apparel #1546,Midwest,2-5 employees,$100k-$250k,11,11-20,4,Mixed services,Corporate/commercial,Hybrid/job costing,Annually,4,3,2,4,4,17,Strong Pricing System,True,False,False,False,I need a better way to account for setup time.,2,2,1,2,1,1,2,2,2,2,2-5 employees,$100k-$500k,Veteran (11-20),Hybrid/job costing,B2B,Intended Profit,Midwest,Prairie Apparel #1546,Midwest,2-5 employees,$100k-$250k,11.0,4.0,Mixed services,Stitch-count based,99.0,1.1,,75.0,True,Always/standard,True,Published percentage/flat fee,Rarely,Annually,4.0,Confident,Very strong,False,
hello@lakesidelogoshopcollec.example,Lakeside Logo Shop Collective,Midwest,2-5 employees,Unknown,14,11-20,10,Decorated apparel,Unknown,Cost-plus,When costs change,4,3,4,2,2,15,Strong Pricing System,True,False,False,False,,2,2,1,2,2,2,1,1,1,1,2-5 employees,Unknown,Veteran (11-20),Cost-plus,Mixed,Capacity Pressure,Midwest,Lakeside Logo Shop Collective,Midwest,2-5 employees,$500k-$1M,14.0,10.0,Decorated apparel,Cost-plus,95.0,1.62,,150.0,False,No,True,Published percentage/flat fee,Sometimes,Before every quote,4.0,Confident,Acceptable,False,Customers are more price-sensitive this year.
info@willowlogoshopllc1465.example,Willow Logo Shop Llc #1465,Midwest,2-5 employees,$250k-$500k,14,11-20,1,Decorated apparel,Schools/teams,Unknown,Annually,2,2,2,2,2,10,Partial Pricing System,False,False,False,False,Rush jobs are where we get into trouble.,1,1,1,1,1,1,1,1,1,1,2-5 employees,$100k-$500k,Veteran (11-20),Unknown,Mixed,Production Cost,Midwest,Willow Logo Shop Llc #1465,Midwest,2-5 employees,$250k-$500k,14.0,1.0,Decorated apparel,Unknown,106.0,1.36,,,True,Sometimes/depends,False,No,Rarely,Annually,4.0,Confident,Good,True,
info@redbarnapparelstudio14.example,Red Barn Apparel Studio #1417,Midwest,2-5 employees,$250k-$500k,20,11-20,3,Contract embroidery,Mostly consumers,Hybrid/job costing,When costs change,4,3,2,3,3,15,Strong Pricing System,True,False,False,False,We are trying to stop undercharging.,2,2,1,2,1,1,1,2,1,2,2-5 employees,$100k-$500k,Veteran (11-20),Hybrid/job costing,Consumer,Intended Profit,Midwest,Red Barn Apparel Studio #1417,Midwest,2-5 employees,Unknown,21.0,3.0,Contract embroidery,Stitch-count based,114.0,1.51,6.0,,True,Always/standard,False,No,Rarely,When costs change,3.0,Somewhat confident,Variable,False,
quotes@urbanlogoshopstudio.example,Urban Logo Shop Studio,Midwest,6-10 employees,$100k-$250k,2,2-5,6,Custom embroidery,Schools/teams,Competitor-based,Rarely/never,2,1,0,0,0,3,Pricing Blind Spots,False,True,True,True,Rush jobs are where we get into trouble.,1,1,0,1,0,0,0,0,0,0,6-10 employees,$100k-$500k,Newcomer (0-3 yrs),Competitor-based,Mixed,Intended Profit,Midwest,Urban Logo Shop Studio,Midwest,6-10 employees,$100k-$250k,2.0,6.0,Custom embroidery,Competitor-based,79.0,1.37,,75.0,False,No,True,Published percentage/flat fee,Rarely,Rarely/never,5.0,Very confident,Struggling,True,
sales@willowworkscompany.example,Willow Works Company,West,2-5 employees,$100k-$250k,6,6-10,4,Contract embroidery,Mostly consumers,Stitch-count based,Unknown,2,1,0,1,1,5,Pricing Blind Spots,False,True,True,True,We are trying to stop undercharging.,1,1,1,0,0,0,1,0,0,1,2-5 employees,$100k-$500k,Established (4-10),Stitch-count based,Consumer,Intended Profit,West,Willow Works Company,West,2-5 employees,$100k-$250k,6.0,4.0,Contract embroidery,Stitch-count based,52.0,0.85,,25.0,True,Always/standard,True,Published percentage/flat fee,Frequently,Rarely/never,2.0,Slightly confident,Acceptable,True,
info@redbarnwearablescompan.example,Red Barn Wearables Company,West,Solo owner/operator,Under $50k,9,6-10,2,Mixed services,Small business/local orgs,Informal/custom quote,Annually,2,2,1,1,1,7,Pricing Blind Spots,False,False,True,True,,1,1,1,1,1,0,1,0,1,0,Solo owner/operator,Under $100k,Established (4-10),Informal/custom quote,Mixed,Intended Profit,West,Red Barn Wearables Company,West,Solo owner/operator,Under $50k,9.0,2.0,Mixed services,Informal/custom quote,57.0,1.12,,100.0,True,Sometimes/depends,False,Case-by-case,Sometimes,Annually,3.0,Somewhat confident,Struggling,False,
sales@luckyprintstitchllc170.example,Lucky Print & Stitch Llc #1704,West,Solo owner/operator,$100k-$250k,5,2-5,3,Mixed services,Contract/B2B,Stitch-count based,When costs change,3,4,3,2,2,14,Partial Pricing System,False,False,False,False,I need a better way to account for setup time.,2,1,2,2,1,2,1,1,1,1,Solo owner/operator,$100k-$500k,Established (4-10),Stitch-count based,B2B,Capacity Pressure,West,Lucky Print & Stitch Llc #1704,West,Unknown,$100k-$250k,5.0,3.0,Mixed services,Stitch-count based,72.0,1.5,,100.0,True,Always/standard,True,Published percentage/flat fee,Sometimes,When costs change,4.0,Confident,Good,False,
quotes2@luckycustomsllc.example,Lucky Customs Llc,South,2-5 employees,Under $50k,5,2-5,6,Decorated apparel,Mixed,Value-based,When costs change,2,3,1,1,3,10,Partial Pricing System,False,False,True,True,Pricing is the hardest part of the business.,1,1,1,2,0,1,0,1,2,1,2-5 employees,Under $100k,Established (4-10),Value-based,Mixed,Intended Profit,South,Lucky Customs Llc,South,2-5 employees,Under $50k,5.0,6.0,Decorated apparel,Value-based,71.0,,,50.0,True,Sometimes/depends,False,No,Rarely,When costs change,4.0,Confident,Variable,False,Customers are more price-sensitive this year.
quotes@willowembroiderycompan.example,Willow Embroidery Company #1544,South,11-25 employees,$100k-$250k,20,11-20,8,Promotional products,Schools/teams,Cost-plus,Quarterly,4,3,4,3,4,18,Strong Pricing System,True,False,False,False,Most customers compare us by stitch count.,2,2,1,2,2,2,1,2,2,2,11-25 employees,$100k-$500k,Veteran (11-20),Cost-plus,Mixed,Real Labor,South,Willow Embroidery Company #1544,South,2-5 employees,$100k-$250k,20.0,8.0,Promotional products,Cost-plus,135.0,1.44,,,True,Always/standard,True,Published percentage/flat fee,Frequently,Quarterly,5.0,Very confident,Acceptable,True,
contact@summitapparel.example,Summit Apparel,South,2-5 employees,$250k-$500k,15,11-20,6,Custom embroidery,Mixed,Unknown,Unknown,3,2,2,0,2,9,Partial Pricing System,False,False,False,True,I need a better way to account for setup time.,1,2,1,1,1,1,0,0,1,1,2-5 employees,$100k-$500k,Veteran (11-20),Unknown,Mixed,Capacity Pressure,South,Summit Apparel,South,2-5 employees,$250k-$500k,15.0,6.0,Custom embroidery,Unknown,85.0,1.52,,150.0,False,No,True,Published percentage/flat fee,Sometimes,Rarely/never,3.0,Somewhat confident,Very strong,False,Customers are more price-sensitive this year.
contact@brightdesignsgroup1703.example,Bright Designs Group #1703,South,6-10 employees,$100k-$250k,2,2-5,10,Promotional products,Mixed,Stitch-count based,Annually,4,4,2,2,3,15,Strong Pricing System,True,False,False,False,Pricing is the hardest part of the business.,2,2,2,2,1,1,1,1,1,2,6-10 employees,$100k-$500k,Newcomer (0-3 yrs),Stitch-count based,Mixed,Intended Profit,South,Bright Designs Group #1703,South,6-10 employees,$100k-$250k,2.0,12.0,Promotional products,Stitch-count based,119.0,1.73,,,True,Always/standard,True,Published percentage/flat fee,Never,Annually,3.0,Somewhat confident,Struggling,False,Minimums changed everything for us.
info@summitdigitizing1559.example,Summit Digitizing #1559,Midwest,2-5 employees,$500k-$1M,20,11-20,3,Custom embroidery,Mixed,Informal/custom quote,Rarely/never,1,2,0,1,1,5,Pricing Blind Spots,False,False,True,True,We are trying to stop undercharging.,1,0,1,1,0,0,1,0,1,0,2-5 employees,$500k+,Veteran (11-20),Informal/custom quote,Mixed,Intended Profit,Midwest,Summit Digitizing #1559,Midwest,2-5 employees,$500k-$1M,32.0,3.0,Custom embroidery,Informal/custom quote,101.0,0.9,24.0,,True,Always/standard,False,No,Sometimes,Rarely/never,2.0,Slightly confident,Unknown,False,Customers are more price-sensitive this year.
contact@stitchapparelstudio144.example,Stitch Apparel Studio #1443,Northeast,2-5 employees,$50k-$100k,1,<2,3,Decorated apparel,Corporate/commercial,Value-based,Annually,4,3,2,2,3,14,Partial Pricing System,False,False,False,False,,2,2,2,1,1,1,1,1,2,1,2-5 employees,Under $100k,Newcomer (0-3 yrs),Value-based,B2B,Intended Profit,Northeast,Stitch Apparel Studio #1443,Northeast,2-5 employees,$50k-$100k,1.0,3.0,Decorated apparel,Value-based,119.0,1.27,,75.0,True,Always/standard,True,Published percentage/flat fee,Sometimes,Annually,3.0,Somewhat confident,Unknown,True,Minimums changed everything for us.
quotes@northstarteamwearshop.example,North Star Teamwear Shop,South,Solo owner/operator,$100k-$250k,25,21+,1,Promotional products,Unknown,Informal/custom quote,Quarterly,3,2,2,1,1,9,Partial Pricing System,False,False,False,True,I need a better way to account for setup time.,1,2,1,1,1,1,1,0,0,1,Solo owner/operator,$100k-$500k,Legacy (21+),Informal/custom quote,Mixed,Capacity Pressure,South,North Star Teamwear Shop,South,Solo owner/operator,$100k-$250k,20.0,1.0,Promotional products,Informal/custom quote,100.0,1.19,24.0,,False,No,True,Published percentage/flat fee,Sometimes,Quarterly,3.0,Somewhat confident,Acceptable,True,I worry about losing repeat customers.
info@summitlogoshopstudio.example,Summit Logo Shop Studio,Midwest,Solo owner/operator,Under $50k,3,2-5,1,Promotional products,Mixed,Informal/custom quote,When costs change,1,0,0,0,0,1,Pricing Blind Spots,False,True,True,True,We are trying to stop undercharging.,0,1,0,0,0,0,0,0,0,0,Solo owner/operator,Under $100k,Newcomer (0-3 yrs),Informal/custom quote,Mixed,Real Labor,Midwest,Summit Logo Shop Studio,Midwest,Solo owner/operator,Under $50k,3.0,1.0,Promotional products,Informal/custom quote,57.0,1.04,12.0,,False,No,False,Case-by-case,Frequently,When costs change,1.0,Not confident,Struggling,False,We need a better price sheet.
quotes@willowworksshop1630.example,Willow Works Shop #1630,South,2-5 employees,$100k-$250k,27,21+,1,Team/school spiritwear,Small business/local orgs,Value-based,Annually,4,3,4,2,2,15,Strong Pricing System,True,False,False,False,Pricing is the hardest part of the business.,2,2,2,1,2,2,1,1,1,1,2-5 employees,$100k-$500k,Legacy (21+),Value-based,Mixed,Capacity Pressure,South,Willow Works Shop #1630,South,2-5 employees,$100k-$250k,20.0,1.0,Team/school spiritwear,Informal/custom quote,105.0,,24.0,,False,No,False,No,Sometimes,Annually,3.0,Somewhat confident,Good,False,We need a better price sheet.
owner@mapledecoratedgoodsstu.example,Maple Decorated Goods Studio,Northeast,6-10 employees,$500k-$1M,5,2-5,6,Custom embroidery,Mostly consumers,Cost-plus,Annually,4,4,2,4,3,17,Strong Pricing System,True,False,False,False,Rush jobs are where we get into trouble.,2,2,2,2,1,1,2,2,1,2,6-10 employees,$500k+,Established (4-10),Cost-plus,Consumer,Intended Profit,Northeast,Maple Decorated Goods Studio,Northeast,6-10 employees,$500k-$1M,5.0,6.0,Custom embroidery,Cost-plus,105.0,1.45,,,True,Always/standard,True,Published percentage/flat fee,Rarely,Annually,4.0,Confident,Very strong,True,Customers are more price-sensitive this year.
contact@prairiedesignsstudio.example,Prairie Designs Studio,South,6-10 employees,$250k-$500k,1,<2,2,Custom embroidery,Mixed,Cost-plus,Quarterly,3,1,2,2,4,12,Partial Pricing System,False,True,False,False,Pricing is the hardest part of the business.,1,2,1,0,1,1,1,1,2,2,6-10 employees,$100k-$500k,Newcomer (0-3 yrs),Cost-plus,Mixed,Real Labor,South,Prairie Designs Studio,South,6-10 employees,$250k-$500k,1.0,2.0,Custom embroidery,Cost-plus,98.0,1.33,,75.0,False,No,False,No,Rarely,Quarterly,2.0,Slightly confident,Variable,False,We need a better price sheet.
hello0@heritagebrandingshop.example,Heritage Branding Shop,Northeast,2-5 employees,Unknown,2,2-5,10,Contract embroidery,Small business/local orgs,Informal/custom quote,Annually,3,1,2,1,2,9,Partial Pricing System,False,True,False,True,We are trying to stop undercharging.,2,1,0,1,1,1,1,0,1,1,2-5 employees,Unknown,Newcomer (0-3 yrs),Informal/custom quote,Mixed,Real Labor,Northeast,Heritage Branding Shop,Northeast,2-5 employees,Prefer not to say,2.0,10.0,Contract embroidery,Informal/custom quote,46.0,1.42,36.0,,True,Sometimes/depends,False,Case-by-case,Frequently,Annually,3.0,Somewhat confident,Variable,False,I worry about losing repeat customers.
quotes@lakesideworks1670.example,Lakeside Works #1670,Midwest,6-10 employees,$250k-$500k,14,11-20,6,Decorated apparel,Mixed,Cost-plus,Annually,2,2,2,2,4,12,Partial Pricing System,False,False,False,False,We are trying to stop undercharging.,1,1,1,1,1,1,1,1,2,2,6-10 employees,$100k-$500k,Veteran (11-20),Cost-plus,Mixed,Production Cost,Midwest,Lakeside Works #1670,Midwest,6-10 employees,$250k-$500k,14.0,6.0,Decorated apparel,Cost-plus,133.0,1.59,,100.0,True,Always/standard,False,Case-by-case,Never,Annually,3.0,Somewhat confident,Variable,False,I worry about losing repeat customers.
quotes@oakbrandingcollective1.example,Oak Branding Collective #1692,South,Unknown,Under $50k,0,<2,1,Mixed services,Mostly consumers,Stitch-count based,When costs change,2,2,1,2,2,9,Partial Pricing System,False,False,True,False,Most customers compare us by stitch count.,1,1,1,1,1,0,1,1,1,1,Unknown,Under $100k,Newcomer (0-3 yrs),Stitch-count based,Consumer,Intended Profit,South,Oak Branding Collective #1692,South,Solo owner/operator,Under $50k,0.0,1.0,Mixed services,Stitch-count based,64.0,1.04,,25.0,False,No,False,Case-by-case,Sometimes,When costs change,2.0,Slightly confident,Unknown,False,Minimums changed everything for us.
sales@crownwearablescompany.example,Crown Wearables Company,Midwest,Solo owner/operator,$100k-$250k,24,21+,1,Decorated apparel,Schools/teams,Value-based,Unknown,4,4,3,4,3,18,Strong Pricing System,True,False,False,False,Most customers compare us by stitch count.,2,2,2,2,1,2,2,2,2,1,Solo owner/operator,$100k-$500k,Legacy (21+),Value-based,Mixed,Intended Profit,Midwest,Crown Wearables Company,Midwest,Solo owner/operator,$100k-$250k,20.0,1.0,Decorated apparel,Value-based,94.0,1.88,6.0,,True,Always/standard,True,Published percentage/flat fee,Sometimes,Unknown,3.0,Somewhat confident,Variable,False,
contact0@northstarprintstitchco.example,North Star Print & Stitch Collective #1637,West,6-10 employees,$100k-$250k,11,11-20,4,Custom embroidery,Corporate/commercial,Hybrid/job costing,When costs change,3,4,3,2,2,14,Partial Pricing System,False,False,False,False,,1,2,2,2,2,1,1,1,1,1,6-10 employees,$100k-$500k,Veteran (11-20),Hybrid/job costing,B2B,Capacity Pressure,West,North Star Print & Stitch Collective #1637,West,6-10 employees,$100k-$250k,11.0,4.0,Custom embroidery,Stitch-count based,113.0,2.14,,100.0,True,Always/standard,False,No,Frequently,When costs change,5.0,Very confident,Acceptable,False,We need a better price sheet.
quotes@lakesideteamwearshop.example,Lakeside Teamwear Shop,Northeast,2-5 employees,$100k-$250k,0,<2,4,Mixed services,Schools/teams,Cost-plus,Annually,4,4,3,2,2,15,Strong Pricing System,True,False,False,False,Pricing is the hardest part of the business.,2,2,2,2,2,1,1,1,1,1,2-5 employees,$100k-$500k,Newcomer (0-3 yrs),Cost-plus,Mixed,Capacity Pressure,Northeast,Lakeside Teamwear Shop,Northeast,2-5 employees,$100k-$250k,0.0,4.0,Mixed services,Hybrid/job costing,73.0,1.18,,100.0,True,Always/standard,True,Published percentage/flat fee,Rarely,Annually,3.0,Somewhat confident,Good,False,
contact@needlecustomsllc1566.example,Needle Customs Llc #1566,West,2-5 employees,Unknown,11,11-20,6,Custom embroidery,Corporate/commercial,Stitch-count based,Before every quote,2,2,2,0,3,9,Partial Pricing System,False,False,False,True,We are trying to stop undercharging.,1,1,1,1,1,1,0,0,2,1,2-5 employees,Unknown,Veteran (11-20),Stitch-count based,B2B,Capacity Pressure,West,Needle Customs Llc #1566,West,2-5 employees,$100k-$250k,11.0,6.0,Custom embroidery,Stitch-count based,93.0,1.42,,150.0,True,Sometimes/depends,False,Case-by-case,Sometimes,Before every quote,3.0,Somewhat confident,Good,False,We need a better price sheet.
info4@threadcustomsstudio147.example,Thread Customs Studio #1473,Midwest,2-5 employees,$100k-$250k,6,6-10,3,Promotional products,Mostly consumers,Cost-plus,Unknown,2,2,2,2,2,10,Partial Pricing System,False,False,False,False,We are trying to stop undercharging.,1,1,1,1,1,1,1,1,1,1,2-5 employees,$100k-$500k,Established (4-10),Cost-plus,Consumer,Production Cost,Midwest,Thread Customs Studio #1473,Midwest,2-5 employees,$100k-$250k,6.0,3.0,Promotional products,Cost-plus,83.0,1.43,12.0,,True,Always/standard,True,Published percentage/flat fee,Frequently,Rarely/never,2.0,Slightly confident,Good,True,
office@bobbinmonogramscollect.example,Bobbin Monograms Collective,West,2-5 employees,$100k-$250k,23,21+,2,Custom embroidery,Small business/local orgs,Cost-plus,When costs change,4,4,2,2,2,14,Partial Pricing System,False,False,False,False,Most customers compare us by stitch count.,2,2,2,2,1,1,1,1,1,1,2-5 employees,$100k-$500k,Legacy (21+),Cost-plus,Mixed,Intended Profit,West,Bobbin Monograms Collective,West,2-5 employees,Unknown,23.0,2.0,Custom embroidery,Hybrid/job costing,100.0,1.29,,,False,No,True,Published percentage/flat fee,Never,When costs change,4.0,Confident,Very strong,False,
office@hoopcustoms.example,Hoop Customs,Unknown,6-10 employees,$50k-$100k,14,11-20,5,Mixed services,Mostly consumers,Stitch-count based,Annually,3,4,4,2,2,15,Strong Pricing System,True,False,False,False,Rush jobs are where we get into trouble.,2,1,2,2,2,2,1,1,1,1,6-10 employees,Under $100k,Veteran (11-20),Stitch-count based,Consumer,Capacity Pressure,Unknown,Hoop Customs,South,6-10 employees,Unknown,14.0,5.0,Mixed services,Stitch-count based,,1.66,,150.0,True,Sometimes/depends,True,Published percentage/flat fee,Rarely,Annually,5.0,Very confident,Acceptable,False,Minimums changed everything for us.
owner@brightcustomscollectiv.example,Bright Customs Collective,Midwest,2-5 employees,Under $50k,9,6-10,2,Team/school spiritwear,Corporate/commercial,Cost-plus,When costs change,2,1,3,2,2,10,Partial Pricing System,False,True,False,False,Rush jobs are where we get into trouble.,1,1,0,1,1,2,1,1,1,1,2-5 employees,Under $100k,Established (4-10),Cost-plus,B2B,Real Labor,Midwest,Bright Customs Collective,Midwest,2-5 employees,Under $50k,9.0,2.0,Team/school spiritwear,Hybrid/job costing,93.0,1.01,24.0,,False,No,False,No,Rarely,When costs change,4.0,Confident,Acceptable,True,Customers are more price-sensitive this year.
quotes5@northstarapparelstudio.example,North Star Apparel Studio #1446,Midwest,11-25 employees,$100k-$250k,2,2-5,10,Decorated apparel,Contract/B2B,Informal/custom quote,When costs change,2,2,2,2,2,10,Partial Pricing System,False,False,False,False,Rush jobs are where we get into trouble.,1,1,1,1,1,1,1,1,1,1,11-25 employees,$100k-$500k,Newcomer (0-3 yrs),Informal/custom quote,B2B,Production Cost,Midwest,North Star Apparel Studio #1446,Midwest,2-5 employees,$100k-$250k,2.0,10.0,Decorated apparel,Informal/custom quote,130.0,1.55,,35.0,True,Always/standard,False,No,Rarely,When costs change,5.0,Very confident,Acceptable,False,We need a better price sheet.
sales@sunrisestudiocollectiv.example,Sunrise Studio Collective #1674,West,2-5 employees,$250k-$500k,8,6-10,15,Custom embroidery,Schools/teams,Stitch-count based,Before every quote,4,3,4,3,4,18,Strong Pricing System,True,False,False,False,,2,2,2,1,2,2,2,1,2,2,2-5 employees,$100k-$500k,Established (4-10),Stitch-count based,Mixed,Real Labor,West,Sunrise Studio Collective #1674,West,2-5 employees,$250k-$500k,8.0,15.0,Custom embroidery,Stitch-count based,135.0,1.56,,150.0,True,Always/standard,True,Published percentage/flat fee,Sometimes,When costs change,1.0,Not confident,Acceptable,True,We need a better price sheet.
contact@redbarndecoratedgoodsg.example,Red Barn Decorated Goods Group #1601,Midwest,2-5 employees,$100k-$250k,8,6-10,3,Unknown,Small business/local orgs,Cost-plus,Annually,3,3,4,1,4,15,Strong Pricing System,True,False,False,True,We are trying to stop undercharging.,1,2,2,1,2,2,0,1,2,2,2-5 employees,$100k-$500k,Established (4-10),Cost-plus,Mixed,Capacity Pressure,Midwest,Red Barn Decorated Goods Group #1601,Midwest,2-5 employees,Unknown,8.0,3.0,Mixed services,Cost-plus,86.0,1.53,,50.0,True,Always/standard,False,No,Sometimes,Annually,3.0,Somewhat confident,Good,False,We need a better price sheet.
office1@willowneedleworkscompa.example,Willow Needleworks Company,South,Solo owner/operator,$50k-$100k,19,11-20,2,Team/school spiritwear,Mixed,Cost-plus,Annually,3,4,2,3,3,15,Strong Pricing System,True,False,False,False,I need a better way to account for setup time.,1,2,2,2,1,1,1,2,1,2,Solo owner/operator,Under $100k,Veteran (11-20),Cost-plus,Mixed,Intended Profit,South,Willow Needleworks Company,South,Solo owner/operator,$50k-$100k,19.0,2.0,Team/school spiritwear,Hybrid/job costing,87.0,0.99,36.0,,False,No,False,No,Rarely,Annually,4.0,Confident,Variable,False,I worry about losing repeat customers.
sales2@cedarlogoshopcompany.example,Cedar Logo Shop Company,Northeast,2-5 employees,$500k-$1M,19,11-20,12,Custom embroidery,Mixed,Cost-plus,When costs change,3,4,3,4,4,18,Strong Pricing System,True,False,False,False,I need a better way to account for setup time.,2,1,2,2,2,1,2,2,2,2,2-5 employees,$500k+,Veteran (11-20),Cost-plus,Mixed,Production Cost,Northeast,Cedar Logo Shop Company,Northeast,2-5 employees,$500k-$1M,19.0,12.0,Custom embroidery,Cost-plus,162.0,1.16,,75.0,True,Always/standard,True,Published percentage/flat fee,Rarely,When costs change,4.0,Confident,Acceptable,False,I worry about losing repeat customers.
contact2@urbandecoratedgoodscol.example,Urban Decorated Goods Collective,South,2-5 employees,$100k-$250k,6,6-10,2,Decorated apparel,Mostly consumers,Competitor-based,Rarely/never,0,1,1,1,1,4,Pricing Blind Spots,False,True,True,True,,0,0,1,0,0,1,0,1,1,0,2-5 employees,$100k-$500k,Established (4-10),Competitor-based,Consumer,Production Cost,South,Urban Decorated Goods Collective,South,2-5 employees,$100k-$250k,6.0,2.0,Decorated apparel,Competitor-based,51.0,1.12,,75.0,False,No,False,No,Sometimes,Unknown,1.0,Not confident,Good,True,I worry about losing repeat customers.
info@blueridgedecoratedgood.example,Blue Ridge Decorated Goods Collective #1412,Northeast,Solo owner/operator,$50k-$100k,4,2-5,3,Contract embroidery,Schools/teams,Informal/custom quote,When costs change,1,0,0,0,1,2,Pricing Blind Spots,False,True,True,True,,1,0,0,0,0,0,0,0,1,0,Solo owner/operator,Under $100k,Established (4-10),Informal/custom quote,Mixed,Real Labor,Northeast,Blue Ridge Decorated Goods Collective #1412,Northeast,Solo owner/operator,$50k-$100k,4.0,3.0,Contract embroidery,Unknown,56.0,0.95,12.0,,True,Sometimes/depends,False,No,Rarely,When costs change,2.0,Slightly confident,Variable,True,We need a better price sheet.
owner@riverthreadscollective.example,River Threads Collective,Midwest,Solo owner/operator,$100k-$250k,7,6-10,1,Contract embroidery,Small business/local orgs,Stitch-count based,Annually,2,3,2,2,2,11,Partial Pricing System,False,False,False,False,Pricing is the hardest part of the business.,1,1,1,2,1,1,1,1,1,1,Solo owner/operator,$100k-$500k,Established (4-10),Stitch-count based,Mixed,Production Cost,Midwest,River Threads Collective,Midwest,Solo owner/operator,$100k-$250k,7.0,1.0,Contract embroidery,Stitch-count based,,0.69,,50.0,True,Sometimes/depends,True,Published percentage/flat fee,Sometimes,Annually,1.0,Not confident,Very strong,False,
info@stitchcreative.example,Stitch Creative,West,2-5 employees,Unknown,1,<2,6,Contract embroidery,Corporate/commercial,Hybrid/job costing,Annually,4,4,3,3,3,17,Strong Pricing System,True,False,False,False,We are trying to stop undercharging.,2,2,2,2,2,1,2,1,2,1,2-5 employees,Unknown,Newcomer (0-3 yrs),Hybrid/job costing,B2B,Intended Profit,West,Stitch Creative,West,2-5 employees,$100k-$250k,1.0,6.0,Contract embroidery,Cost-plus,89.0,1.86,12.0,,True,Always/standard,True,Published percentage/flat fee,Sometimes,Annually,3.0,Somewhat confident,Very strong,False,
contact0@ironcreative1399.example,Iron Creative #1399,West,Solo owner/operator,$100k-$250k,8,6-10,1,Decorated apparel,Mixed,Unknown,Unknown,4,2,3,2,2,13,Partial Pricing System,False,False,False,False,Rush jobs are where we get into trouble.,2,2,1,1,2,1,1,1,1,1,Solo owner/operator,$100k-$500k,Established (4-10),Unknown,Mixed,Real Labor,West,Iron Creative #1399,West,Solo owner/operator,$100k-$250k,8.0,1.0,Decorated apparel,Unknown,106.0,1.51,12.0,,True,Always/standard,False,No,Sometimes,Before every quote,5.0,Very confident,Good,True,
office@riverdecoratedgoodsstu.example,River Decorated Goods Studio #1387,Canada/Other,2-5 employees,$500k-$1M,20,11-20,24,Promotional products,Small business/local orgs,Hybrid/job costing,Quarterly,4,3,4,3,4,18,Strong Pricing System,True,False,False,False,,2,2,1,2,2,2,2,1,2,2,2-5 employees,$500k+,Veteran (11-20),Hybrid/job costing,Mixed,Real Labor,Canada/Other,River Decorated Goods Studio #1387,Canada/Other,2-5 employees,$500k-$1M,24.0,24.0,Promotional products,Cost-plus,145.0,1.87,12.0,,False,No,True,Published percentage/flat fee,Rarely,Quarterly,5.0,Very confident,Variable,True,I worry about losing repeat customers.
info@prairieneedleworksstud.example,Prairie Needleworks Studio,Midwest,2-5 employees,$250k-$500k,20,11-20,15,Contract embroidery,Mixed,Hybrid/job costing,Quarterly,4,4,4,4,4,20,Strong Pricing System,True,False,False,False,I need a better way to account for setup time.,2,2,2,2,2,2,2,2,2,2,2-5 employees,$100k-$500k,Veteran (11-20),Hybrid/job costing,Mixed,Production Cost,Midwest,Prairie Needleworks Studio,Midwest,2-5 employees,$250k-$500k,20.0,15.0,Contract embroidery,Cost-plus,150.0,1.55,,,True,Always/standard,True,Published percentage/flat fee,Rarely,Quarterly,4.0,Confident,Good,False,We need a better price sheet.
info@redbarnlogoshopllc1676.example,Red Barn Logo Shop Llc #1676,South,2-5 employees,$50k-$100k,5,2-5,1,Custom embroidery,Mixed,Hybrid/job costing,Annually,4,4,4,3,4,19,Strong Pricing System,True,False,False,False,Rush jobs are where we get into trouble.,2,2,2,2,2,2,2,1,2,2,2-5 employees,Under $100k,Established (4-10),Hybrid/job costing,Mixed,Capacity Pressure,South,Red Barn Logo Shop Llc #1676,South,2-5 employees,$50k-$100k,5.0,1.0,Custom embroidery,Stitch-count based,96.0,1.74,6.0,,False,No,True,Published percentage/flat fee,Rarely,Annually,3.0,Somewhat confident,Acceptable,False,I worry about losing repeat customers.
hello@crownprintstitchstudio.example,Crown Print & Stitch Studio,Northeast,Solo owner/operator,Under $50k,6,6-10,1,Decorated apparel,Mostly consumers,Stitch-count based,Unknown,0,0,0,0,0,0,Pricing Blind Spots,False,True,True,True,We are trying to stop undercharging.,0,0,0,0,0,0,0,0,0,0,Solo owner/operator,Under $100k,Established (4-10),Stitch-count based,Consumer,Production Cost,Northeast,Crown Print & Stitch Studio,Northeast,Solo owner/operator,Under $50k,6.0,1.0,Decorated apparel,Stitch-count based,48.0,0.75,,,False,No,False,No,Sometimes,Unknown,1.0,Not confident,Unknown,False,
hello2@pinecustoms1653.example,Pine Customs #1653,South,2-5 employees,$500k-$1M,0,<2,6,Custom embroidery,Small business/local orgs,Unknown,Unknown,4,2,2,2,2,12,Partial Pricing System,False,False,False,False,Pricing is the hardest part of the business.,2,2,1,1,1,1,1,1,1,1,2-5 employees,$500k+,Newcomer (0-3 yrs),Unknown,Mixed,Real Labor,South,Pine Customs #1653,South,2-5 employees,$500k-$1M,0.0,6.0,Custom embroidery,Unknown,126.0,1.13,,50.0,False,No,False,No,Sometimes,Rarely/never,3.0,Somewhat confident,Acceptable,True,Minimums changed everything for us.
contact6@needleneedleworksllc16.example,Needle Needleworks Llc #1622,Midwest,Solo owner/operator,$100k-$250k,19,11-20,2,Promotional products,Contract/B2B,Stitch-count based,When costs change,2,3,2,1,2,10,Partial Pricing System,False,False,False,True,I need a better way to account for setup time.,1,1,2,1,1,1,0,1,1,1,Solo owner/operator,$100k-$500k,Veteran (11-20),Stitch-count based,B2B,Capacity Pressure,Midwest,Needle Needleworks Llc #1622,Midwest,Unknown,Unknown,19.0,2.0,Promotional products,Stitch-count based,,1.29,,150.0,True,Sometimes/depends,False,Case-by-case,Rarely,When costs change,2.0,Slightly confident,Good,False,We need a better price sheet.
sales@luckyprintstitchshop.example,Lucky Print & Stitch Shop,Midwest,Solo owner/operator,Under $50k,11,11-20,4,Custom embroidery,Mostly consumers,Competitor-based,Unknown,0,0,0,0,0,0,Pricing Blind Spots,False,True,True,True,,0,0,0,0,0,0,0,0,0,0,Solo owner/operator,Under $100k,Veteran (11-20),Competitor-based,Consumer,Production Cost,Midwest,Lucky Print & Stitch Shop,Midwest,Solo owner/operator,Under $50k,11.0,4.0,Custom embroidery,Competitor-based,27.0,0.54,,75.0,True,Sometimes/depends,False,No,Frequently,Unknown,,Unknown,Very strong,True,I worry about losing repeat customers.
owner@crownworkscompany1572.example,Crown Works Company #1572,Northeast,6-10 employees,$100k-$250k,2,2-5,3,Promotional products,Mixed,Value-based,Before every quote,4,4,4,4,4,20,Strong Pricing System,True,False,False,False,Most customers compare us by stitch count.,2,2,2,2,2,2,2,2,2,2,6-10 employees,$100k-$500k,Newcomer (0-3 yrs),Value-based,Mixed,Production Cost,Northeast,Crown Works Company #1572,Northeast,6-10 employees,$100k-$250k,2.0,3.0,Promotional products,Value-based,129.0,1.29,,50.0,True,Always/standard,True,Published percentage/flat fee,Rarely,When costs change,5.0,Very confident,Very strong,True,Customers are more price-sensitive this year.
hello@sunrisewearablescompan.example,Sunrise Wearables Company,Canada/Other,Unknown,Unknown,1,<2,2,Decorated apparel,Schools/teams,Cost-plus,Quarterly,3,2,2,3,2,12,Partial Pricing System,False,False,False,False,Pricing is the hardest part of the business.,2,1,1,1,1,1,1,2,1,1,Unknown,Unknown,Newcomer (0-3 yrs),Cost-plus,Mixed,Real Labor,Canada/Other,Sunrise Wearables Company,Canada/Other,Solo owner/operator,$100k-$250k,1.0,2.0,Decorated apparel,Cost-plus,90.0,1.25,,150.0,False,No,True,Published percentage/flat fee,Rarely,Quarterly,4.0,Confident,Acceptable,False,
quotes@willowlogoshopcompany1.example,Willow Logo Shop Company #1496,Northeast,Solo owner/operator,$50k-$100k,27,21+,4,Mixed services,Small business/local orgs,Cost-plus,Annually,4,4,3,3,4,18,Strong Pricing System,True,False,False,False,We are trying to stop undercharging.,2,2,2,2,1,2,2,1,2,2,Solo owner/operator,Under $100k,Legacy (21+),Cost-plus,Mixed,Intended Profit,Northeast,Willow Logo Shop Company #1496,Northeast,Unknown,$50k-$100k,27.0,4.0,Mixed services,Cost-plus,108.0,1.44,6.0,,True,Always/standard,True,Published percentage/flat fee,Rarely,Annually,5.0,Very confident,Acceptable,False,Minimums changed everything for us.
sales@hoopcustomscollective.example,Hoop Customs Collective,West,2-5 employees,$500k-$1M,26,21+,30,Contract embroidery,Small business/local orgs,Unknown,Annually,4,4,4,4,4,20,Strong Pricing System,True,False,False,False,,2,2,2,2,2,2,2,2,2,2,2-5 employees,$500k+,Legacy (21+),Unknown,Mixed,Production Cost,West,Hoop Customs Collective,West,2-5 employees,$500k-$1M,26.0,10.0,Contract embroidery,Unknown,111.0,,,150.0,True,Always/standard,False,No,Rarely,Annually,3.0,Somewhat confident,Good,False,I worry about losing repeat customers.
quotes@bobbincreativestudio14.example,Bobbin Creative Studio #1433,Midwest,Solo owner/operator,$50k-$100k,0,<2,1,Team/school spiritwear,Mostly consumers,Informal/custom quote,Rarely/never,0,0,0,0,0,0,Pricing Blind Spots,False,True,True,True,Rush jobs are where we get into trouble.,0,0,0,0,0,0,0,0,0,0,Solo owner/operator,Under $100k,Newcomer (0-3 yrs),Informal/custom quote,Consumer,Production Cost,Midwest,Bobbin Creative Studio #1433,Midwest,Unknown,$50k-$100k,0.0,1.0,Team/school spiritwear,Informal/custom quote,64.0,0.99,,50.0,False,No,False,No,Rarely,Rarely/never,3.0,Somewhat confident,Good,False,Customers are more price-sensitive this year.
contact4@willowdigitizingstudio.example,Willow Digitizing Studio #1557,South,2-5 employees,$250k-$500k,2,2-5,4,Custom embroidery,Mixed,Informal/custom quote,Unknown,2,2,0,0,1,5,Pricing Blind Spots,False,False,True,True,I need a better way to account for setup time.,1,1,1,1,0,0,0,0,0,1,2-5 employees,$100k-$500k,Newcomer (0-3 yrs),Informal/custom quote,Mixed,Intended Profit,South,Willow Digitizing Studio #1557,South,2-5 employees,$250k-$500k,2.0,4.0,Custom embroidery,Informal/custom quote,68.0,0.76,,150.0,False,No,False,No,Sometimes,Unknown,3.0,Somewhat confident,Struggling,False,Customers are more price-sensitive this year.
sales@summitworksllc.example,Summit Works Llc,Midwest,Solo owner/operator,$100k-$250k,8,6-10,1,Mixed services,Mostly consumers,Stitch-count based,When costs change,2,2,2,2,2,10,Partial Pricing System,False,False,False,False,Pricing is the hardest part of the business.,1,1,1,1,1,1,1,1,1,1,Solo owner/operator,$100k-$500k,Established (4-10),Stitch-count based,Consumer,Production Cost,Midwest,Summit Works Llc,Midwest,Solo owner/operator,Unknown,8.0,1.0,Mixed services,Stitch-count based,,1.01,6.0,,False,No,True,Published percentage/flat fee,Sometimes,When costs change,3.0,Somewhat confident,Variable,False,
office@bobbinteamwearcompany.example,Bobbin Teamwear Company,Northeast,11-25 employees,$100k-$250k,20,11-20,8,Custom embroidery,Corporate/commercial,Hybrid/job costing,Unknown,4,4,4,4,4,20,Strong Pricing System,True,False,False,False,I need a better way to account for setup time.,2,2,2,2,2,2,2,2,2,2,11-25 employees,$100k-$500k,Veteran (11-20),Hybrid/job costing,B2B,Production Cost,Northeast,Bobbin Teamwear Company,Northeast,2-5 employees,$100k-$250k,32.0,8.0,Custom embroidery,Stitch-count based,122.0,1.7,,150.0,True,Always/standard,True,Published percentage/flat fee,Rarely,When costs change,5.0,Very confident,Struggling,False,I worry about losing repeat customers.
contact4@crowncreativeshop.example,Crown Creative Shop,Midwest,Solo owner/operator,Under $50k,0,<2,2,Decorated apparel,Small business/local orgs,Stitch-count based,Rarely/never,0,1,0,0,0,1,Pricing Blind Spots,False,True,True,True,Pricing is the hardest part of the business.,0,0,1,0,0,0,0,0,0,0,Solo owner/operator,Under $100k,Newcomer (0-3 yrs),Stitch-count based,Mixed,Production Cost,Midwest,Crown Creative Shop,Midwest,Solo owner/operator,Under $50k,0.0,2.0,Decorated apparel,Stitch-count based,68.0,1.27,,,True,Always/standard,False,No,Rarely,Rarely/never,2.0,Slightly confident,Struggling,False,Customers are more price-sensitive this year.
owner@goldenthreadsstudio145.example,Golden Threads Studio #1453,South,26+ employees,$250k-$500k,18,11-20,10,Decorated apparel,Mostly consumers,Hybrid/job costing,Annually,4,3,3,4,4,18,Strong Pricing System,True,False,False,False,,2,2,1,2,2,1,2,2,2,2,26+ employees,$100k-$500k,Veteran (11-20),Hybrid/job costing,Consumer,Real Labor,South,Golden Threads Studio #1453,South,2-5 employees,$250k-$500k,18.0,15.0,Decorated apparel,Hybrid/job costing,161.0,1.48,,150.0,False,No,True,Published percentage/flat fee,Sometimes,Annually,5.0,Very confident,Acceptable,False,We need a better price sheet.
office@sunrisecreativestudio1.example,Sunrise Creative Studio #1442,South,6-10 employees,$500k-$1M,10,6-10,2,Custom embroidery,Small business/local orgs,Stitch-count based,Unknown,2,2,1,1,2,8,Partial Pricing System,False,False,True,True,Most customers compare us by stitch count.,1,1,1,1,1,0,1,0,1,1,6-10 employees,$500k+,Established (4-10),Stitch-count based,Mixed,Intended Profit,South,Sunrise Creative Studio #1442,South,6-10 employees,$500k-$1M,10.0,2.0,Custom embroidery,Stitch-count based,110.0,1.62,,25.0,True,Sometimes/depends,True,Published percentage/flat fee,Never,When costs change,2.0,Slightly confident,Very strong,False,
owner3@willowneedleworksshop1.example,Willow Needleworks Shop #1535,West,2-5 employees,$500k-$1M,16,11-20,15,Contract embroidery,Corporate/commercial,Hybrid/job costing,Quarterly,3,4,4,4,4,19,Strong Pricing System,True,False,False,False,We are trying to stop undercharging.,2,1,2,2,2,2,2,2,2,2,2-5 employees,$500k+,Veteran (11-20),Hybrid/job costing,B2B,Production Cost,West,Willow Needleworks Shop #1535,West,2-5 employees,$500k-$1M,16.0,15.0,Contract embroidery,Hybrid/job costing,156.0,1.92,1.0,,True,Always/standard,True,Published percentage/flat fee,Rarely,Quarterly,3.0,Somewhat confident,Good,False,
quotes@urbanapparelstudio1452.example,Urban Apparel Studio #1452,Northeast,2-5 employees,$500k-$1M,1,<2,10,Custom embroidery,Mostly consumers,Stitch-count based,Unknown,3,2,2,3,2,12,Partial Pricing System,False,False,False,False,I need a better way to account for setup time.,2,1,1,1,1,1,1,2,1,1,2-5 employees,$500k+,Newcomer (0-3 yrs),Stitch-count based,Consumer,Real Labor,Northeast,Urban Apparel Studio #1452,Northeast,2-5 employees,$500k-$1M,1.0,10.0,Custom embroidery,Stitch-count based,116.0,1.31,,,False,No,True,Published percentage/flat fee,Frequently,When costs change,3.0,Somewhat confident,Good,False,We need a better price sheet.
quotes@heritagestudioshop.example,Heritage Studio Shop,Midwest,2-5 employees,$100k-$250k,5,2-5,8,Decorated apparel,Unknown,Stitch-count based,When costs change,2,2,2,2,2,10,Partial Pricing System,False,False,False,False,,1,1,1,1,1,1,1,1,1,1,2-5 employees,$100k-$500k,Established (4-10),Stitch-count based,Mixed,Production Cost,Midwest,Heritage Studio Shop,Midwest,2-5 employees,$100k-$250k,5.0,8.0,Decorated apparel,Stitch-count based,,1.37,,,True,Always/standard,False,No,Sometimes,When costs change,2.0,Slightly confident,Good,False,I worry about losing repeat customers.
contact@redbarnthreads1542.example,Red Barn Threads #1542,Northeast,2-5 employees,Prefer not to say,2,2-5,8,Decorated apparel,Mixed,Unknown,Quarterly,4,3,2,2,3,14,Partial Pricing System,False,False,False,False,We are trying to stop undercharging.,2,2,2,1,1,1,1,1,2,1,2-5 employees,Unknown,Newcomer (0-3 yrs),Unknown,Mixed,Intended Profit,Northeast,Red Barn Threads #1542,Northeast,2-5 employees,$500k-$1M,2.0,8.0,Decorated apparel,Unknown,144.0,,24.0,,True,Always/standard,True,Published percentage/flat fee,Never,Quarterly,5.0,Very confident,Variable,False,
hello@needlelogoshop1654.example,Needle Logo Shop #1654,South,2-5 employees,$500k-$1M,4,2-5,20,Mixed services,Small business/local orgs,Value-based,When costs change,4,3,2,3,2,14,Partial Pricing System,False,False,False,False,Rush jobs are where we get into trouble.,2,2,1,2,1,1,2,1,1,1,2-5 employees,$500k+,Established (4-10),Value-based,Mixed,Intended Profit,South,Needle Logo Shop #1654,South,2-5 employees,$500k-$1M,4.0,20.0,Mixed services,Informal/custom quote,133.0,,,,True,Always/standard,True,Published percentage/flat fee,Sometimes,When costs change,4.0,Confident,Very strong,False,We need a better price sheet.
office4@hoopmonogramscollectiv.example,Hoop Monograms Collective,West,2-5 employees,$50k-$100k,8,6-10,2,Custom embroidery,Contract/B2B,Stitch-count based,When costs change,2,2,1,0,1,6,Pricing Blind Spots,False,False,True,True,I need a better way to account for setup time.,1,1,1,1,1,0,0,0,1,0,2-5 employees,Under $100k,Established (4-10),Stitch-count based,B2B,Capacity Pressure,West,Hoop Monograms Collective,West,2-5 employees,$50k-$100k,8.0,2.0,Custom embroidery,Stitch-count based,47.0,1.49,,35.0,True,Sometimes/depends,False,Case-by-case,Sometimes,When costs change,1.0,Not confident,Struggling,False,
office6@urbancustomscompany152.example,Urban Customs Company #1524,South,2-5 employees,$100k-$250k,26,21+,10,Mixed services,Mostly consumers,Informal/custom quote,Unknown,3,4,3,4,4,18,Strong Pricing System,True,False,False,False,,1,2,2,2,1,2,2,2,2,2,2-5 employees,$100k-$500k,Legacy (21+),Informal/custom quote,Consumer,Production Cost,South,Urban Customs Company #1524,South,26+ employees,$100k-$250k,20.0,10.0,Mixed services,Informal/custom quote,122.0,1.11,,150.0,True,Always/standard,True,Published percentage/flat fee,Rarely,Unknown,3.0,Somewhat confident,Acceptable,False,I worry about losing repeat customers.
office5@stitchcreativecompany1.example,Stitch Creative Company #1425,West,2-5 employees,$250k-$500k,13,11-20,12,Custom embroidery,Mixed,Value-based,Annually,4,4,4,3,3,18,Strong Pricing System,True,False,False,False,,2,2,2,2,2,2,1,2,1,2,2-5 employees,$100k-$500k,Veteran (11-20),Value-based,Mixed,Capacity Pressure,West,Stitch Creative Company #1425,West,2-5 employees,$250k-$500k,13.0,12.0,Custom embroidery,Value-based,131.0,1.49,12.0,,False,No,True,Published percentage/flat fee,Sometimes,Annually,3.0,Somewhat confident,Acceptable,False,We need a better price sheet.
info@threadstitchcocollecti.example,Thread Stitch Co. Collective,West,6-10 employees,$250k-$500k,29,21+,5,Custom embroidery,Corporate/commercial,Stitch-count based,Before every quote,4,4,3,4,4,19,Strong Pricing System,True,False,False,False,Most customers compare us by stitch count.,2,2,2,2,2,1,2,2,2,2,6-10 employees,$100k-$500k,Legacy (21+),Stitch-count based,B2B,Intended Profit,West,Thread Stitch Co. Collective,West,6-10 employees,$250k-$500k,29.0,5.0,Custom embroidery,Stitch-count based,,1.66,,,True,Always/standard,True,Published percentage/flat fee,Rarely,Before every quote,3.0,Somewhat confident,Variable,False,
sales@magnoliateamwearllc.example,Magnolia Teamwear Llc,Midwest,2-5 employees,$100k-$250k,9,6-10,2,Custom embroidery,Small business/local orgs,Stitch-count based,Unknown,4,2,1,0,2,9,Partial Pricing System,False,False,True,True,Most customers compare us by stitch count.,2,2,1,1,1,0,0,0,1,1,2-5 employees,$100k-$500k,Established (4-10),Stitch-count based,Mixed,Capacity Pressure,Midwest,Magnolia Teamwear Llc,Midwest,2-5 employees,$100k-$250k,9.0,2.0,Custom embroidery,Stitch-count based,102.0,1.26,,,True,Always/standard,True,Published percentage/flat fee,Never,Unknown,,Unknown,Good,False,I worry about losing repeat customers.
office@cedarcustomscollective.example,Cedar Customs Collective #1415,Midwest,2-5 employees,$500k-$1M,17,11-20,15,Custom embroidery,Contract/B2B,Cost-plus,Quarterly,4,4,4,4,4,20,Strong Pricing System,True,False,False,False,We are trying to stop undercharging.,2,2,2,2,2,2,2,2,2,2,2-5 employees,$500k+,Veteran (11-20),Cost-plus,B2B,Production Cost,Midwest,Cedar Customs Collective #1415,Midwest,2-5 employees,$500k-$1M,17.0,15.0,Custom embroidery,Cost-plus,158.0,1.53,12.0,,True,Always/standard,False,No,Frequently,Quarterly,5.0,Very confident,Good,False,
hello0@ironapparelgroup.example,Iron Apparel Group,Northeast,2-5 employees,$250k-$500k,26,21+,12,Promotional products,Small business/local orgs,Cost-plus,Annually,4,3,4,3,4,18,Strong Pricing System,True,False,False,False,,2,2,2,1,2,2,2,1,2,2,2-5 employees,$100k-$500k,Legacy (21+),Cost-plus,Mixed,Real Labor,Northeast,Iron Apparel Group,Northeast,11-25 employees,$250k-$500k,26.0,10.0,Promotional products,Cost-plus,112.0,1.63,12.0,,False,No,True,Published percentage/flat fee,Rarely,Annually,2.0,Slightly confident,Good,False,
owner2@maplestudiocollective.example,Maple Studio Collective,West,2-5 employees,$500k-$1M,10,6-10,3,Promotional products,Mostly consumers,Unknown,Annually,1,2,1,2,2,8,Partial Pricing System,False,False,True,False,Pricing is the hardest part of the business.,0,1,1,1,1,0,1,1,1,1,2-5 employees,$500k+,Established (4-10),Unknown,Consumer,Production Cost,West,Maple Studio Collective,West,2-5 employees,$500k-$1M,10.0,3.0,Promotional products,Informal/custom quote,,0.9,,50.0,True,Sometimes/depends,False,Case-by-case,Sometimes,Annually,3.0,Somewhat confident,Acceptable,False,Minimums changed everything for us.
quotes@mainstreetdecoratedgoo.example,Main Street Decorated Goods Llc,West,6-10 employees,$500k-$1M,11,11-20,6,Custom embroidery,Mostly consumers,Cost-plus,Quarterly,4,4,3,4,3,18,Strong Pricing System,True,False,False,False,,2,2,2,2,2,1,2,2,2,1,6-10 employees,$500k+,Veteran (11-20),Cost-plus,Consumer,Intended Profit,West,Main Street Decorated Goods Llc,West,6-10 employees,$500k-$1M,11.0,6.0,Unknown,Cost-plus,105.0,1.84,,,True,Always/standard,True,Published percentage/flat fee,Rarely,Quarterly,4.0,Confident,Variable,False,I worry about losing repeat customers.
sales1@magnoliacustoms1666.example,Magnolia Customs #1666,West,2-5 employees,$100k-$250k,20,11-20,4,Mixed services,Mixed,Cost-plus,Annually,4,4,4,3,4,19,Strong Pricing System,True,False,False,False,We are trying to stop undercharging.,2,2,2,2,2,2,1,2,2,2,2-5 employees,$100k-$500k,Veteran (11-20),Cost-plus,Mixed,Capacity Pressure,West,Magnolia Customs #1666,West,2-5 employees,$100k-$250k,20.0,4.0,Mixed services,Cost-plus,122.0,1.44,,,True,Always/standard,False,No,Sometimes,Annually,4.0,Confident,Struggling,False,
info5@redbarnworksshop.example,Red Barn Works Shop,Northeast,6-10 employees,$500k-$1M,16,11-20,3,Custom embroidery,Mostly consumers,Cost-plus,Annually,3,2,2,2,1,10,Partial Pricing System,False,False,False,False,I need a better way to account for setup time.,2,1,1,1,1,1,1,1,0,1,6-10 employees,$500k+,Veteran (11-20),Cost-plus,Consumer,End Customer Value,Northeast,Red Barn Works Shop,Northeast,6-10 employees,$500k-$1M,16.0,3.0,Custom embroidery,Cost-plus,100.0,1.13,12.0,,True,Sometimes/depends,False,No,Frequently,Annually,4.0,Confident,Good,False,We need a better price sheet.
owner@brightdecoratedgoodssh.example,Bright Decorated Goods Shop,South,2-5 employees,$250k-$500k,6,6-10,2,Decorated apparel,Schools/teams,Cost-plus,Annually,4,3,3,2,3,15,Strong Pricing System,True,False,False,False,,2,2,1,2,1,2,1,1,1,2,2-5 employees,$100k-$500k,Established (4-10),Cost-plus,Mixed,Capacity Pressure,South,Bright Decorated Goods Shop,South,2-5 employees,$250k-$500k,6.0,2.0,Decorated apparel,Hybrid/job costing,128.0,1.8,,50.0,False,No,True,Published percentage/flat fee,Frequently,Annually,3.0,Somewhat confident,Very strong,False,We need a better price sheet.
sales@magnoliaworkscollectiv.example,Magnolia Works Collective #1479,West,Solo owner/operator,$250k-$500k,21,21+,2,Mixed services,Mixed,Unknown,When costs change,3,2,2,2,2,11,Partial Pricing System,False,False,False,False,,1,2,1,1,1,1,1,1,1,1,Solo owner/operator,$100k-$500k,Legacy (21+),Unknown,Mixed,Real Labor,West,Magnolia Works Collective #1479,West,Unknown,$250k-$500k,21.0,2.0,Mixed services,Unknown,89.0,1.01,,,True,Sometimes/depends,False,Case-by-case,Frequently,When costs change,3.0,Somewhat confident,Good,True,Customers are more price-sensitive this year.
info@crowndesignscollective.example,Crown Designs Collective #1584,South,Solo owner/operator,Under $50k,0,<2,1,Mixed services,Small business/local orgs,Competitor-based,Annually,2,0,2,0,1,5,Pricing Blind Spots,False,True,False,True,We are trying to stop undercharging.,1,1,0,0,1,1,0,0,1,0,Solo owner/operator,Under $100k,Newcomer (0-3 yrs),Competitor-based,Mixed,Real Labor,South,Crown Designs Collective #1584,South,Solo owner/operator,Under $50k,0.0,1.0,Mixed services,Competitor-based,,1.27,6.0,,False,No,False,No,Never,Annually,3.0,Somewhat confident,Acceptable,False,
info@hoopdigitizingcollecti.example,Hoop Digitizing Collective,Northeast,Unknown,$100k-$250k,7,6-10,3,Mixed services,Contract/B2B,Informal/custom quote,Unknown,1,0,0,0,1,2,Pricing Blind Spots,False,True,True,True,,1,0,0,0,0,0,0,0,1,0,Unknown,$100k-$500k,Established (4-10),Informal/custom quote,B2B,Real Labor,Northeast,Hoop Digitizing Collective,Northeast,Solo owner/operator,$100k-$250k,7.0,3.0,Mixed services,Informal/custom quote,53.0,1.05,,,False,No,False,Case-by-case,Frequently,Unknown,1.0,Not confident,Variable,False,We need a better price sheet.
contact@mainstreetdecoratedgoo.example,Main Street Decorated Goods Shop #1537,South,Solo owner/operator,Prefer not to say,20,11-20,1,Custom embroidery,Mostly consumers,Cost-plus,Annually,3,3,3,2,3,14,Partial Pricing System,False,False,False,False,Pricing is the hardest part of the business.,1,2,1,2,1,2,1,1,1,2,Solo owner/operator,Unknown,Veteran (11-20),Cost-plus,Consumer,Capacity Pressure,South,Main Street Decorated Goods Shop #1537,South,Solo owner/operator,$50k-$100k,20.0,1.0,Custom embroidery,Cost-plus,101.0,1.19,,,False,No,False,Case-by-case,Frequently,Annually,4.0,Confident,Variable,False,
info0@northstarteamwearllc16.example,North Star Teamwear Llc #1665,West,Solo owner/operator,$100k-$250k,20,11-20,1,Decorated apparel,Small business/local orgs,Value-based,Annually,4,3,2,3,3,15,Strong Pricing System,True,False,False,False,We are trying to stop undercharging.,2,2,1,2,1,1,1,2,1,2,Solo owner/operator,$100k-$500k,Veteran (11-20),Value-based,Mixed,Intended Profit,West,North Star Teamwear Llc #1665,West,Solo owner/operator,$100k-$250k,20.0,1.0,Decorated apparel,Informal/custom quote,86.0,,,,True,Always/standard,False,No,Rarely,Annually,5.0,Very confident,Very strong,False,Minimums changed everything for us.
owner6@northstarworksshop1727.example,North Star Works Shop #1727,Northeast,2-5 employees,$100k-$250k,8,6-10,3,Decorated apparel,Small business/local orgs,Cost-plus,When costs change,3,3,3,2,4,15,Strong Pricing System,True,False,False,False,,2,1,2,1,2,1,1,1,2,2,2-5 employees,$100k-$500k,Established (4-10),Cost-plus,Mixed,Capacity Pressure,Northeast,North Star Works Shop #1727,Northeast,2-5 employees,$100k-$250k,8.0,3.0,Decorated apparel,Cost-plus,146.0,0.88,,,True,Always/standard,True,Published percentage/flat fee,Rarely,When costs change,3.0,Somewhat confident,Acceptable,False,
hello0@magnoliacustomsshop.example,Magnolia Customs Shop,Northeast,Solo owner/operator,Under $50k,1,<2,1,Custom embroidery,Schools/teams,Informal/custom quote,Before every quote,0,0,0,0,1,1,Pricing Blind Spots,False,True,True,True,Pricing is the hardest part of the business.,0,0,0,0,0,0,0,0,0,1,Solo owner/operator,Under $100k,Newcomer (0-3 yrs),Informal/custom quote,Mixed,Production Cost,Northeast,Magnolia Customs Shop,Northeast,Solo owner/operator,Unknown,1.0,1.0,Custom embroidery,Informal/custom quote,64.0,0.77,12.0,,False,No,False,No,Frequently,When costs change,2.0,Slightly confident,Good,False,Minimums changed everything for us.
office1@silverteamwearllc.example,Silver Teamwear Llc,Northeast,2-5 employees,Prefer not to say,32,21+,4,Custom embroidery,Schools/teams,Cost-plus,Quarterly,4,3,4,4,2,17,Strong Pricing System,True,False,False,False,Pricing is the hardest part of the business.,2,2,1,2,2,2,2,2,1,1,2-5 employees,Unknown,Legacy (21+),Cost-plus,Mixed,End Customer Value,Northeast,Silver Teamwear Llc,Northeast,2-5 employees,$500k-$1M,32.0,4.0,Custom embroidery,Hybrid/job costing,137.0,1.53,1.0,,True,Always/standard,True,Published percentage/flat fee,Rarely,Quarterly,1.0,Not confident,Good,True,
hello2@mapledecoratedgoodsstu.example,Maple Decorated Goods Studio #1394,South,6-10 employees,Unknown,0,<2,5,Custom embroidery,Small business/local orgs,Cost-plus,When costs change,2,2,1,1,2,8,Partial Pricing System,False,False,True,True,,1,1,1,1,1,0,0,1,1,1,6-10 employees,Unknown,Newcomer (0-3 yrs),Cost-plus,Mixed,Intended Profit,South,Maple Decorated Goods Studio #1394,South,6-10 employees,$100k-$250k,0.0,5.0,Custom embroidery,Cost-plus,75.0,1.37,6.0,,False,No,False,No,Rarely,When costs change,4.0,Confident,Struggling,True,Minimums changed everything for us.
office@goldenteamwearllc.example,Golden Teamwear Llc,Midwest,Solo owner/operator,$50k-$100k,22,21+,1,Custom embroidery,Schools/teams,Competitor-based,Rarely/never,2,2,1,1,2,8,Partial Pricing System,False,False,True,True,I need a better way to account for setup time.,1,1,1,1,0,1,1,0,1,1,Solo owner/operator,Under $100k,Legacy (21+),Competitor-based,Mixed,Intended Profit,Midwest,Golden Teamwear Llc,Midwest,Solo owner/operator,$50k-$100k,22.0,1.0,Custom embroidery,Competitor-based,99.0,1.03,,,False,No,False,No,Sometimes,Unknown,4.0,Confident,Acceptable,False,We need a better price sheet.
office@threadteamwearllc.example,Thread Teamwear Llc,Canada/Other,6-10 employees,Unknown,20,11-20,8,Custom embroidery,Schools/teams,Competitor-based,When costs change,4,2,2,2,3,13,Partial Pricing System,False,False,False,False,Rush jobs are where we get into trouble.,2,2,1,1,1,1,1,1,2,1,6-10 employees,Unknown,Veteran (11-20),Competitor-based,Mixed,Real Labor,Canada/Other,Thread Teamwear Llc,Canada/Other,6-10 employees,$100k-$250k,20.0,8.0,Custom embroidery,Competitor-based,97.0,1.34,,,False,No,True,Published percentage/flat fee,Rarely,When costs change,4.0,Confident,Acceptable,False,We need a better price sheet.
quotes@silverwearablesshop.example,Silver Wearables Shop,South,Solo owner/operator,Under $50k,0,<2,2,Custom embroidery,Mixed,Value-based,When costs change,2,2,0,0,2,6,Pricing Blind Spots,False,False,True,True,,1,1,1,1,0,0,0,0,1,1,Solo owner/operator,Under $100k,Newcomer (0-3 yrs),Value-based,Mixed,Intended Profit,South,Silver Wearables Shop,South,Unknown,Under $50k,0.0,2.0,Custom embroidery,Value-based,85.0,,,100.0,True,Always/standard,False,Case-by-case,Frequently,When costs change,1.0,Not confident,Variable,False,
quotes@hoopdigitizinggroup.example,Hoop Digitizing Group,Canada/Other,Solo owner/operator,Under $50k,4,2-5,2,Custom embroidery,Mostly consumers,Cost-plus,Annually,4,2,2,3,4,15,Strong Pricing System,True,False,False,False,We are trying to stop undercharging.,2,2,1,1,1,1,1,2,2,2,Solo owner/operator,Under $100k,Established (4-10),Cost-plus,Consumer,Real Labor,Canada/Other,Hoop Digitizing Group,Canada/Other,Unknown,Under $50k,4.0,2.0,Custom embroidery,Hybrid/job costing,92.0,1.81,,,True,Always/standard,True,Published percentage/flat fee,Sometimes,Annually,5.0,Very confident,Variable,False,We need a better price sheet.
info@goldenlogoshopcompany1.example,Golden Logo Shop Company #1575,South,2-5 employees,$250k-$500k,10,6-10,12,Team/school spiritwear,Mostly consumers,Unknown,Annually,4,3,2,1,3,13,Partial Pricing System,False,False,False,True,Pricing is the hardest part of the business.,2,2,1,2,1,1,0,1,1,2,2-5 employees,$100k-$500k,Established (4-10),Unknown,Consumer,Capacity Pressure,South,Golden Logo Shop Company #1575,Unknown,11-25 employees,$250k-$500k,10.0,12.0,Team/school spiritwear,Unknown,134.0,,,100.0,True,Sometimes/depends,False,No,Rarely,Annually,3.0,Somewhat confident,Good,True,Customers are more price-sensitive this year.
quotes@heritageteamweargroup1.example,Heritage Teamwear Group #1484,South,Solo owner/operator,Under $50k,1,<2,3,Promotional products,Corporate/commercial,Hybrid/job costing,Quarterly,4,2,3,2,3,14,Partial Pricing System,False,False,False,False,We are trying to stop undercharging.,2,2,1,1,2,1,2,0,1,2,Solo owner/operator,Under $100k,Newcomer (0-3 yrs),Hybrid/job costing,B2B,Real Labor,South,Heritage Teamwear Group #1484,South,Unknown,Under $50k,1.0,3.0,Promotional products,Hybrid/job costing,41.0,1.05,12.0,,True,Sometimes/depends,False,No,Rarely,Quarterly,3.0,Somewhat confident,Good,True,
quotes@willowstudiostudio1403.example,Willow Studio Studio #1403,Northeast,6-10 employees,$100k-$250k,0,<2,2,Team/school spiritwear,Mixed,Informal/custom quote,Rarely/never,4,2,2,2,2,12,Partial Pricing System,False,False,False,False,Rush jobs are where we get into trouble.,2,2,1,1,1,1,1,1,1,1,6-10 employees,$100k-$500k,Newcomer (0-3 yrs),Informal/custom quote,Mixed,Real Labor,Northeast,Willow Studio Studio #1403,Northeast,6-10 employees,$100k-$250k,0.0,2.0,Team/school spiritwear,Unknown,,1.34,,100.0,False,No,False,Case-by-case,Frequently,Rarely/never,3.0,Somewhat confident,Unknown,True,Customers are more price-sensitive this year.
contact@riverlogoshopllc1548.example,River Logo Shop Llc #1548,South,Unknown,$50k-$100k,9,6-10,1,Decorated apparel,Mostly consumers,Cost-plus,Quarterly,1,0,1,0,1,3,Pricing Blind Spots,False,True,True,True,,1,0,0,0,0,1,0,0,0,1,Unknown,Under $100k,Established (4-10),Cost-plus,Consumer,Real Labor,South,River Logo Shop Llc #1548,South,Unknown,$50k-$100k,9.0,1.0,Decorated apparel,Cost-plus,96.0,1.4,1.0,,True,Always/standard,False,Case-by-case,Frequently,Quarterly,3.0,Somewhat confident,Unknown,False,
office4@prairiethreadsllc1648.example,Prairie Threads Llc #1648,Northeast,2-5 employees,Under $50k,12,11-20,1,Custom embroidery,Contract/B2B,Cost-plus,Quarterly,3,2,3,3,4,15,Strong Pricing System,True,False,False,False,Most customers compare us by stitch count.,2,1,1,1,1,2,1,2,2,2,2-5 employees,Under $100k,Veteran (11-20),Cost-plus,B2B,Real Labor,Northeast,Prairie Threads Llc #1648,Northeast,2-5 employees,Unknown,12.0,1.0,Custom embroidery,Hybrid/job costing,128.0,1.41,,,True,Sometimes/depends,False,No,Sometimes,Quarterly,3.0,Somewhat confident,Acceptable,False,
office@hooplogoshopgroup.example,Hoop Logo Shop Group,West,2-5 employees,$100k-$250k,12,11-20,2,Decorated apparel,Mostly consumers,Unknown,Rarely/never,4,4,2,2,2,14,Partial Pricing System,False,False,False,False,We are trying to stop undercharging.,2,2,2,2,1,1,1,1,1,1,2-5 employees,$100k-$500k,Veteran (11-20),Unknown,Consumer,Intended Profit,West,Hoop Logo Shop Group,West,2-5 employees,$100k-$250k,12.0,2.0,Decorated apparel,Unknown,102.0,1.24,,,True,Always/standard,True,Published percentage/flat fee,Sometimes,Rarely/never,4.0,Confident,Struggling,True,I worry about losing repeat customers.
info@threadstitchcollc1573.example,Thread Stitch Co. Llc #1573,Canada/Other,Solo owner/operator,$250k-$500k,20,11-20,1,Custom embroidery,Corporate/commercial,Stitch-count based,Annually,2,3,2,2,2,11,Partial Pricing System,False,False,False,False,,1,1,2,1,1,1,1,1,1,1,Solo owner/operator,$100k-$500k,Veteran (11-20),Stitch-count based,B2B,Production Cost,Canada/Other,Thread Stitch Co. Llc #1573,Canada/Other,Solo owner/operator,$250k-$500k,31.0,1.0,Custom embroidery,Stitch-count based,78.0,1.45,24.0,,False,No,False,No,Rarely,Annually,3.0,Somewhat confident,Acceptable,False,
hello@lakesidedesignsstudio.example,Lakeside Designs Studio,South,2-5 employees,$250k-$500k,20,11-20,3,Custom embroidery,Mostly consumers,Value-based,When costs change,4,2,4,4,4,18,Strong Pricing System,True,False,False,False,I need a better way to account for setup time.,2,2,1,1,2,2,2,2,2,2,2-5 employees,$100k-$500k,Veteran (11-20),Value-based,Consumer,Real Labor,South,Lakeside Designs Studio,South,2-5 employees,$250k-$500k,20.0,3.0,Custom embroidery,Value-based,116.0,,,,False,No,True,Published percentage/flat fee,Rarely,Before every quote,5.0,Very confident,Variable,False,Customers are more price-sensitive this year.
office6@ironmonogramscompany13.example,Iron Monograms Company #1370,West,2-5 employees,$50k-$100k,6,6-10,4,Contract embroidery,Corporate/commercial,Stitch-count based,Annually,3,2,2,2,3,12,Partial Pricing System,False,False,False,False,I need a better way to account for setup time.,2,1,1,1,1,1,0,2,2,1,2-5 employees,Under $100k,Established (4-10),Stitch-count based,B2B,Real Labor,West,Iron Monograms Company #1370,West,2-5 employees,$50k-$100k,6.0,4.0,Contract embroidery,Stitch-count based,114.0,1.75,,150.0,True,Always/standard,True,Published percentage/flat fee,Never,Annually,4.0,Confident,Very strong,False,I worry about losing repeat customers.
hello@stitchteamwearcollecti.example,Stitch Teamwear Collective #1371,Midwest,2-5 employees,$500k-$1M,12,11-20,4,Custom embroidery,Small business/local orgs,Cost-plus,When costs change,3,2,2,2,3,12,Partial Pricing System,False,False,False,False,Pricing is the hardest part of the business.,2,1,1,1,1,1,1,1,2,1,2-5 employees,$500k+,Veteran (11-20),Cost-plus,Mixed,Real Labor,Midwest,Stitch Teamwear Collective #1371,Midwest,2-5 employees,$500k-$1M,12.0,4.0,Custom embroidery,Cost-plus,65.0,1.2,,35.0,True,Always/standard,True,Published percentage/flat fee,Rarely,When costs change,3.0,Somewhat confident,Very strong,False,We need a better price sheet.
owner@stitchprintstitchshop1.example,Stitch Print & Stitch Shop #1694,West,Solo owner/operator,$50k-$100k,5,2-5,1,Custom embroidery,Mixed,Hybrid/job costing,Quarterly,4,2,2,3,3,14,Partial Pricing System,False,False,False,False,,2,2,1,1,1,1,2,1,2,1,Solo owner/operator,Under $100k,Established (4-10),Hybrid/job costing,Mixed,Real Labor,West,Stitch Print & Stitch Shop #1694,West,Solo owner/operator,$50k-$100k,5.0,1.0,Custom embroidery,Stitch-count based,90.0,1.39,,,True,Sometimes/depends,False,No,Never,Quarterly,4.0,Confident,Very strong,False,Minimums changed everything for us.
owner@redbarnthreadsshop.example,Red Barn Threads Shop,West,Solo owner/operator,Under $50k,0,<2,1,Contract embroidery,Mixed,Stitch-count based,Rarely/never,2,1,0,0,0,3,Pricing Blind Spots,False,True,True,True,Most customers compare us by stitch count.,1,1,0,1,0,0,0,0,0,0,Solo owner/operator,Under $100k,Newcomer (0-3 yrs),Stitch-count based,Mixed,Intended Profit,West,Red Barn Threads Shop,West,Unknown,Under $50k,0.0,1.0,Contract embroidery,Stitch-count based,42.0,1.29,,,False,No,False,No,Frequently,Rarely/never,5.0,Very confident,Variable,False,Minimums changed everything for us.
office@heritagestitchcoshop16.example,Heritage Stitch Co. Shop #1619,West,2-5 employees,$100k-$250k,12,11-20,2,Decorated apparel,Schools/teams,Stitch-count based,Annually,4,4,4,4,3,19,Strong Pricing System,True,False,False,False,Pricing is the hardest part of the business.,2,2,2,2,2,2,2,2,1,2,2-5 employees,$100k-$500k,Veteran (11-20),Stitch-count based,Mixed,End Customer Value,West,Heritage Stitch Co. Shop #1619,West,2-5 employees,$100k-$250k,12.0,2.0,Decorated apparel,Cost-plus,107.0,1.74,,150.0,False,No,False,No,Sometimes,Annually,4.0,Confident,Acceptable,False,Minimums changed everything for us.
hello@crowndesignscompany.example,Crown Designs Company,West,6-10 employees,$500k-$1M,19,11-20,6,Mixed services,Schools/teams,Competitor-based,Rarely/never,3,2,1,1,2,9,Partial Pricing System,False,False,True,True,Rush jobs are where we get into trouble.,2,1,1,1,1,0,1,0,1,1,6-10 employees,$500k+,Veteran (11-20),Competitor-based,Mixed,Intended Profit,West,Crown Designs Company,West,6-10 employees,$500k-$1M,19.0,6.0,Mixed services,Competitor-based,116.0,1.06,,35.0,True,Sometimes/depends,True,Published percentage/flat fee,Sometimes,Rarely/never,4.0,Confident,Struggling,True,Minimums changed everything for us.
quotes@northstardecoratedgood.example,North Star Decorated Goods Shop #1507,Northeast,Solo owner/operator,$50k-$100k,16,11-20,1,Promotional products,Contract/B2B,Stitch-count based,Rarely/never,2,2,2,1,2,9,Partial Pricing System,False,False,False,True,Pricing is the hardest part of the business.,1,1,1,1,0,2,0,1,1,1,Solo owner/operator,Under $100k,Veteran (11-20),Stitch-count based,B2B,Capacity Pressure,Northeast,North Star Decorated Goods Shop #1507,Northeast,Unknown,Unknown,16.0,1.0,Promotional products,Stitch-count based,,1.44,,25.0,True,Always/standard,False,No,Sometimes,Rarely/never,1.0,Not confident,Variable,False,Minimums changed everything for us.
quotes@mapledigitizing.example,Maple Digitizing,Midwest,Unknown,Prefer not to say,1,<2,2,Contract embroidery,Mixed,Unknown,Quarterly,3,3,2,1,3,12,Partial Pricing System,False,False,False,True,We are trying to stop undercharging.,1,2,1,2,1,1,0,1,1,2,Unknown,Unknown,Newcomer (0-3 yrs),Unknown,Mixed,Capacity Pressure,Midwest,Maple Digitizing,Midwest,Solo owner/operator,Under $50k,1.0,2.0,Contract embroidery,Unknown,102.0,1.41,,,True,Sometimes/depends,True,Published percentage/flat fee,Rarely,Quarterly,2.0,Slightly confident,Variable,False,
office0@redbarndesignsllc.example,Red Barn Designs Llc,Midwest,2-5 employees,$50k-$100k,20,11-20,12,Mixed services,Schools/teams,Stitch-count based,Quarterly,4,4,4,3,3,18,Strong Pricing System,True,False,False,False,Most customers compare us by stitch count.,2,2,2,2,2,2,2,1,2,1,2-5 employees,Under $100k,Veteran (11-20),Stitch-count based,Mixed,Capacity Pressure,Midwest,Red Barn Designs Llc,Midwest,2-5 employees,$50k-$100k,31.0,10.0,Mixed services,Stitch-count based,120.0,1.82,6.0,,True,Always/standard,False,No,Frequently,Quarterly,4.0,Confident,Acceptable,False,Customers are more price-sensitive this year.
info@cedarworkscompany.example,Cedar Works Company,Midwest,6-10 employees,$500k-$1M,8,6-10,10,Custom embroidery,Contract/B2B,Cost-plus,When costs change,3,4,2,4,4,17,Strong Pricing System,True,False,False,False,Rush jobs are where we get into trouble.,1,2,2,2,1,1,2,2,2,2,6-10 employees,$500k+,Established (4-10),Cost-plus,B2B,Intended Profit,Midwest,Cedar Works Company,Midwest,6-10 employees,$500k-$1M,8.0,10.0,Custom embroidery,Cost-plus,130.0,1.32,,100.0,True,Always/standard,False,Case-by-case,Sometimes,When costs change,3.0,Somewhat confident,Very strong,False,We need a better price sheet.
info@lakesidecreativellc.example,Lakeside Creative Llc,West,2-5 employees,$50k-$100k,19,11-20,4,Custom embroidery,Small business/local orgs,Value-based,Annually,4,4,4,3,4,19,Strong Pricing System,True,False,False,False,,2,2,2,2,2,2,2,1,2,2,2-5 employees,Under $100k,Veteran (11-20),Value-based,Mixed,Capacity Pressure,West,Lakeside Creative Llc,West,2-5 employees,$50k-$100k,19.0,4.0,Custom embroidery,Value-based,79.0,1.29,,50.0,False,No,True,Published percentage/flat fee,Rarely,Annually,5.0,Very confident,Very strong,False,Minimums changed everything for us.
quotes@lakesidelogoshopcompan.example,Lakeside Logo Shop Company #1645,Northeast,Solo owner/operator,$50k-$100k,15,11-20,1,Custom embroidery,Schools/teams,Cost-plus,Unknown,3,4,3,2,3,15,Strong Pricing System,True,False,False,False,Most customers compare us by stitch count.,2,1,2,2,2,1,1,1,2,1,Solo owner/operator,Under $100k,Veteran (11-20),Cost-plus,Mixed,Capacity Pressure,Northeast,Lakeside Logo Shop Company #1645,Northeast,Solo owner/operator,Prefer not to say,15.0,1.0,Custom embroidery,Stitch-count based,103.0,1.19,,100.0,True,Always/standard,True,Published percentage/flat fee,Rarely,Before every quote,4.0,Confident,Good,False,I worry about losing repeat customers.
quotes@cedarteamwearcollectiv.example,Cedar Teamwear Collective,Northeast,2-5 employees,Unknown,11,11-20,4,Custom embroidery,Mixed,Cost-plus,Rarely/never,3,2,2,2,2,11,Partial Pricing System,False,False,False,False,Pricing is the hardest part of the business.,1,2,1,1,1,1,1,1,1,1,2-5 employees,Unknown,Veteran (11-20),Cost-plus,Mixed,Real Labor,Northeast,Cedar Teamwear Collective,Northeast,2-5 employees,$100k-$250k,11.0,4.0,Custom embroidery,Cost-plus,94.0,1.39,,75.0,True,Sometimes/depends,True,Published percentage/flat fee,Rarely,Unknown,1.0,Not confident,Good,False,We need a better price sheet.
owner@crownbrandinggroup.example,Crown Branding Group,Northeast,2-5 employees,$250k-$500k,19,11-20,12,Decorated apparel,Corporate/commercial,Hybrid/job costing,Annually,3,3,4,4,4,18,Strong Pricing System,True,False,False,False,Pricing is the hardest part of the business.,2,1,1,2,2,2,2,2,2,2,2-5 employees,$100k-$500k,Veteran (11-20),Hybrid/job costing,B2B,Production Cost,Northeast,Crown Branding Group,Northeast,2-5 employees,$250k-$500k,19.0,12.0,Decorated apparel,Hybrid/job costing,129.0,1.69,12.0,,True,Always/standard,True,Published percentage/flat fee,Rarely,Annually,5.0,Very confident,Very strong,False,Customers are more price-sensitive this year.
hello3@heritagelogoshopcollec.example,Heritage Logo Shop Collective #1521,Northeast,Solo owner/operator,$100k-$250k,7,6-10,1,Promotional products,Schools/teams,Cost-plus,Rarely/never,3,2,2,2,2,11,Partial Pricing System,False,False,False,False,Most customers compare us by stitch count.,2,1,1,1,1,1,1,1,1,1,Solo owner/operator,$100k-$500k,Established (4-10),Cost-plus,Mixed,Real Labor,Northeast,Heritage Logo Shop Collective #1521,Northeast,Solo owner/operator,$100k-$250k,7.0,1.0,Promotional products,Cost-plus,105.0,1.01,,,True,Always/standard,True,Published percentage/flat fee,Never,Rarely/never,3.0,Somewhat confident,Unknown,False,Minimums changed everything for us.
info@redbarnapparelgroup.example,Red Barn Apparel Group,Midwest,2-5 employees,$100k-$250k,1,<2,3,Team/school spiritwear,Mixed,Informal/custom quote,Unknown,1,0,1,0,0,2,Pricing Blind Spots,False,True,True,True,Most customers compare us by stitch count.,0,1,0,0,1,0,0,0,0,0,2-5 employees,$100k-$500k,Newcomer (0-3 yrs),Informal/custom quote,Mixed,Real Labor,Midwest,Red Barn Apparel Group,Midwest,2-5 employees,$100k-$250k,1.0,3.0,Team/school spiritwear,Informal/custom quote,71.0,1.11,,50.0,True,Sometimes/depends,True,Published percentage/flat fee,Sometimes,Unknown,5.0,Very confident,Struggling,True,
owner2@hoopdesignscompany.example,Hoop Designs Company,Northeast,2-5 employees,$250k-$500k,2,2-5,15,Mixed services,Corporate/commercial,Hybrid/job costing,Annually,4,4,4,4,4,20,Strong Pricing System,True,False,False,False,I need a better way to account for setup time.,2,2,2,2,2,2,2,2,2,2,2-5 employees,$100k-$500k,Newcomer (0-3 yrs),Hybrid/job costing,B2B,Production Cost,Northeast,Hoop Designs Company,Northeast,2-5 employees,$250k-$500k,2.0,15.0,Mixed services,Cost-plus,136.0,1.62,,50.0,True,Always/standard,False,No,Sometimes,Annually,4.0,Confident,Variable,False,I worry about losing repeat customers.
hello@prairiedigitizingstudi.example,Prairie Digitizing Studio #1475,West,2-5 employees,$100k-$250k,9,6-10,2,Decorated apparel,Schools/teams,Stitch-count based,Before every quote,4,3,2,2,2,13,Partial Pricing System,False,False,False,False,Most customers compare us by stitch count.,2,2,1,2,1,1,1,1,1,1,2-5 employees,$100k-$500k,Established (4-10),Stitch-count based,Mixed,Intended Profit,West,Prairie Digitizing Studio #1475,West,2-5 employees,$100k-$250k,9.0,2.0,Decorated apparel,Stitch-count based,,1.94,,,True,Sometimes/depends,False,No,Sometimes,When costs change,3.0,Somewhat confident,Good,False,I worry about losing repeat customers.
owner@luckythreads1470.example,Lucky Threads #1470,South,2-5 employees,$500k-$1M,2,2-5,6,Custom embroidery,Mixed,Cost-plus,Annually,2,2,3,2,3,12,Partial Pricing System,False,False,False,False,Pricing is the hardest part of the business.,1,1,1,1,1,2,1,1,2,1,2-5 employees,$500k+,Newcomer (0-3 yrs),Cost-plus,Mixed,Production Cost,South,Lucky Threads #1470,South,2-5 employees,$500k-$1M,2.0,6.0,Custom embroidery,Hybrid/job costing,107.0,1.47,12.0,,True,Sometimes/depends,True,Published percentage/flat fee,Sometimes,Annually,2.0,Slightly confident,Very strong,False,
sales@luckydecoratedgoodscom.example,Lucky Decorated Goods Company #1631,South,26+ employees,$500k-$1M,20,11-20,12,Contract embroidery,Small business/local orgs,Cost-plus,Quarterly,4,4,4,3,4,19,Strong Pricing System,True,False,False,False,We are trying to stop undercharging.,2,2,2,2,2,2,2,1,2,2,26+ employees,$500k+,Veteran (11-20),Cost-plus,Mixed,Capacity Pressure,South,Lucky Decorated Goods Company #1631,South,2-5 employees,$500k-$1M,20.0,12.0,Contract embroidery,Cost-plus,147.0,2.18,6.0,,True,Always/standard,True,Published percentage/flat fee,Sometimes,Quarterly,3.0,Somewhat confident,Very strong,False,Minimums changed everything for us.
sales@lakesidewearablesllc.example,Lakeside Wearables Llc,Unknown,Solo owner/operator,Under $50k,5,2-5,4,Team/school spiritwear,Mixed,Informal/custom quote,Rarely/never,1,0,0,0,0,1,Pricing Blind Spots,False,True,True,True,Most customers compare us by stitch count.,0,1,0,0,0,0,0,0,0,0,Solo owner/operator,Under $100k,Established (4-10),Informal/custom quote,Mixed,Real Labor,Unknown,Lakeside Wearables Llc,West,Solo owner/operator,Under $50k,5.0,4.0,Team/school spiritwear,Unknown,,1.36,,35.0,False,No,False,No,Rarely,Rarely/never,5.0,Very confident,Good,False,Minimums changed everything for us.
sales4@mapleapparelcompany138.example,Maple Apparel Company #1382,South,2-5 employees,$500k-$1M,13,11-20,30,Decorated apparel,Corporate/commercial,Stitch-count based,Quarterly,4,4,4,2,3,17,Strong Pricing System,True,False,False,False,I need a better way to account for setup time.,2,2,2,2,2,2,1,1,2,1,2-5 employees,$500k+,Veteran (11-20),Stitch-count based,B2B,Capacity Pressure,South,Maple Apparel Company #1382,South,2-5 employees,$500k-$1M,13.0,10.0,Decorated apparel,Stitch-count based,129.0,1.47,,100.0,True,Sometimes/depends,True,Published percentage/flat fee,Sometimes,Quarterly,3.0,Somewhat confident,Acceptable,False,I worry about losing repeat customers.
office1@mapleteamwearcollectiv.example,Maple Teamwear Collective,West,2-5 employees,$100k-$250k,12,11-20,6,Mixed services,Mixed,Informal/custom quote,When costs change,3,3,2,2,2,12,Partial Pricing System,False,False,False,False,Most customers compare us by stitch count.,2,1,1,2,1,1,1,1,1,1,2-5 employees,$100k-$500k,Veteran (11-20),Informal/custom quote,Mixed,Intended Profit,West,Maple Teamwear Collective,West,2-5 employees,$100k-$250k,12.0,6.0,Mixed services,Informal/custom quote,,1.17,,,True,Always/standard,True,Published percentage/flat fee,Rarely,When costs change,2.0,Slightly confident,Unknown,False,We need a better price sheet.
info1@cedarcustomsgroup.example,Cedar Customs Group,South,6-10 employees,$250k-$500k,9,6-10,6,Team/school spiritwear,Mixed,Cost-plus,Rarely/never,2,2,2,1,2,9,Partial Pricing System,False,False,False,True,Rush jobs are where we get into trouble.,1,1,1,1,1,1,1,0,1,1,6-10 employees,$100k-$500k,Established (4-10),Cost-plus,Mixed,Capacity Pressure,South,Cedar Customs Group,South,6-10 employees,$250k-$500k,9.0,6.0,Team/school spiritwear,Cost-plus,106.0,1.33,,25.0,True,Sometimes/depends,False,Case-by-case,Never,Unknown,3.0,Somewhat confident,Variable,False,We need a better price sheet.
quotes@maplethreadsstudio1729.example,Maple Threads Studio #1729,Midwest,Solo owner/operator,$250k-$500k,0,<2,1,Custom embroidery,Small business/local orgs,Competitor-based,When costs change,0,0,1,0,1,2,Pricing Blind Spots,False,True,True,True,I need a better way to account for setup time.,0,0,0,0,1,0,0,0,1,0,Solo owner/operator,$100k-$500k,Newcomer (0-3 yrs),Competitor-based,Mixed,Production Cost,Midwest,Maple Threads Studio #1729,Midwest,Unknown,$250k-$500k,0.0,1.0,Custom embroidery,Competitor-based,64.0,0.81,,,True,Sometimes/depends,False,No,Sometimes,When costs change,1.0,Not confident,Good,False,Customers are more price-sensitive this year.
info@maplebrandingcompany16.example,Maple Branding Company #1689,West,Solo owner/operator,Under $50k,13,11-20,2,Decorated apparel,Mixed,Cost-plus,Quarterly,3,3,4,2,3,15,Strong Pricing System,True,False,False,False,I need a better way to account for setup time.,1,2,2,1,2,2,1,1,2,1,Solo owner/operator,Under $100k,Veteran (11-20),Cost-plus,Mixed,Capacity Pressure,West,Maple Branding Company #1689,West,Solo owner/operator,Under $50k,13.0,2.0,Decorated apparel,Hybrid/job costing,98.0,2.05,,,True,Always/standard,False,No,Sometimes,Quarterly,4.0,Confident,Acceptable,False,Minimums changed everything for us.
sales@brightembroidery1500.example,Bright Embroidery #1500,Northeast,6-10 employees,$100k-$250k,5,2-5,10,Custom embroidery,Corporate/commercial,Hybrid/job costing,Annually,4,4,3,3,4,18,Strong Pricing System,True,False,False,False,,2,2,2,2,1,2,2,1,2,2,6-10 employees,$100k-$500k,Established (4-10),Hybrid/job costing,B2B,Intended Profit,Northeast,Bright Embroidery #1500,Northeast,6-10 employees,Unknown,5.0,10.0,Custom embroidery,Hybrid/job costing,97.0,1.58,,150.0,False,No,False,No,Rarely,Annually,5.0,Very confident,Variable,False,Minimums changed everything for us.
owner@magnoliacreative1533.example,Magnolia Creative #1533,South,Solo owner/operator,Unknown,8,6-10,1,Promotional products,Corporate/commercial,Cost-plus,Rarely/never,2,2,2,1,1,8,Partial Pricing System,False,False,False,True,,1,1,1,1,1,1,1,0,0,1,Solo owner/operator,Unknown,Established (4-10),Cost-plus,B2B,Capacity Pressure,South,Magnolia Creative #1533,South,Solo owner/operator,Unknown,8.0,1.0,Unknown,Hybrid/job costing,74.0,1.41,,100.0,True,Sometimes/depends,False,No,Rarely,Rarely/never,3.0,Somewhat confident,Variable,False,
office@pinethreadscompany1690.example,Pine Threads Company #1690,West,2-5 employees,$500k-$1M,16,11-20,2,Contract embroidery,Mostly consumers,Cost-plus,Unknown,3,1,2,0,1,7,Pricing Blind Spots,False,True,False,True,I need a better way to account for setup time.,2,1,0,1,1,1,0,0,1,0,2-5 employees,$500k+,Veteran (11-20),Cost-plus,Consumer,Capacity Pressure,West,Pine Threads Company #1690,West,2-5 employees,$500k-$1M,16.0,2.0,Contract embroidery,Cost-plus,76.0,1.06,12.0,,True,Always/standard,True,Published percentage/flat fee,Rarely,Unknown,3.0,Somewhat confident,Acceptable,True,
