Response ID,Submit Timestamp,Start Timestamp,Progress,Finished,Duration (seconds),Email Address,Business Name,Business Size,Annual Revenue Band,Years in Business,Machine Count,Primary Business Model,Region,How do you price most embroidery jobs?,"Hourly rate used, if any","Price per 1,000 stitches, if used",Minimum order or minimum charge,Do you charge a setup fee?,Do you charge a rush fee?,How often do you discount quoted prices?,How often do you review or update prices?,How confident are you in your pricing?,How would you describe profitability?,Planning to raise prices in 2026?,Benchmark open comment,_simulated_raw_issue
R_BM_000001,2026-06-10T22:14:32Z,06/10/26 10:03 PM,100,Y,647,hello@lakesidedesignsstudio.example,Lakeside Designs Studio,2 to 5 employees,500k-1M,more than 20,3-head,Custom embroidery,South,value based,about 116,n/a,depends,No,Yes - 25%,rarely,before every quote,5 - very confident,depends on job,Not sure,Customers are more price-sensitive this year.,clean
R_BM_000002,2026-04-20 20:41:22,04/20/26 08:32 PM,100,TRUE,511,office4@hoopmonogramscollectiv.example,Hoop Monograms Collective,3 employees,About $50k-$100k,8 yrs,2-head,Custom embroidery,West,stitch rate,about 47,1.49 per thousand,minimum charge $35,depends,only for very fast turnaround,sometimes,if supplies go up,not very,not enough,No,,clean
R_BM_000003,06/04/26 12:18 AM,06/04/2026 00:11,100,True,436,hello0@ironapparelgroup.example,Iron Apparel Group,larger shop,500k-1M,about 26,10+,Promotional products,Northeast,cost based,112/hr,$1.63 per 1k,12 pieces,no setup,$50 rush fee,only strategic accounts,every year,Slightly confident,good,Not sure,,clean
R_BM_000004,03/23/2026 21:30,03/23/26 09:20 PM,100,True,611,hello0@heritagebrandingshop.example,Heritage Branding Shop,11-25 employees,Prefer not to say,about 2,10+,Contract embroidery,Northeast,depends,$46,1.42/1000,36 pieces,rarely,we should but don't,frequently,annually,Somewhat,depends on job,Maybe later,I worry about losing repeat customers.,clean
R_BM_000005,2026-04-02T18:52:58Z,2026-04-02T18:46:13Z,100,Complete,405,sales@cedarmonogramsllc.example,Cedar Monograms LLC,2 to 5 employees,$1M+,about 6,2,Custom embroidery,South,hybrid,$84,$0.99 per 1k,depends,not usually,no rush fee,only strategic accounts,as needed,1,profitable,No,We need a better price sheet.,clean
R_BM_000006,05/30/2026 12:18,"May 30, 2026 12:15 PM",100,True,166,sales@bobbinmonogramsgroup.example,Bobbin Monograms Group,Solo,100k-250k,1,1-head,Custom embroidery,Midwest,costing worksheet,$103,$1.78,minimum charge $75,$25 setup,published rush fee,occasionally,every few months,5,profitable,Maybe later,,clean
R_BM_000007,04/15/26 07:33 AM,04/15/2026 07:23,100,True,597,office@hoopcustoms.example,Hoop Customs,6 to 10,n/a,about 14,5 heads,Mixed services,South,stitch rate,,1.66/1000,minimum charge $150,rarely,20% rush,occasionally,every year,5,good enough,Not sure,Minimums changed everything for us.,clean
R_BM_000008,05/22/2026 21:11,2026-05-22 21:09:03,100,Complete,168,info@threadstitchcocollecti.example,Thread Stitch Co. Collective,about 8,About $500k-$1M,29 years,5-head,Custom embroidery,West,stitch rate,n/a,1.66/1000,depends,setup fee on every new logo,published rush fee,not often,each estimate,pretty confident,depends on job,Not sure,,clean
R_BM_000009,2026-03-29 18:28:41,03/29/2026 18:13,100,Complete,891,sales@crownwearablescompany.example,Crown Wearables Company,one-person shop,About $250k-$500k,20+,1 heads,Decorated apparel,Midwest,premium pricing,about 94,$1.88 per 1k,6,$25 setup,Yes - 25%,depends on the customer,every job,3 - somewhat confident,depends on job,Not sure,,clean
R_BM_000010,2026-05-18T18:03:07Z,05/18/2026 17:49,100,Y,826,office@bobbinteamwearcompany.example,Bobbin Teamwear Company,11 to 25 employees,About $100k-$250k,32 yrs,8-head,Custom embroidery,Northeast,spreadsheet + stitch count,$122,1.70/1000,minimum charge $150,setup fee on every new logo,"yes, standard",we hold price,constantly,5 - very confident,hard to say but low,Maybe later,I worry about losing repeat customers.,clean
R_BM_000011,04/04/26 06:38 AM,2026-04-04T06:29:02Z,100,Complete,578,,Bright Monograms Group,about 8,$250k-$500k,1,10 machines,Decorated apparel,West,mostly stitch count,about 123,1.28/1000,12,depends,No,frequently,once a year,not very,very profitable,No,I worry about losing repeat customers.,clean
R_BM_000012,03/21/2026 06:39,03/21/2026 06:30,100,Y,561,hello@prairiedesignsshop.example,Prairie Designs Shop,small team,About $50k-$100k,about 0,5,Decorated apparel,South,mostly stitch count,$92,1.05/1000,12 pieces,rarely,if we are busy,a lot,each estimate,middle,very strong,No,Customers are more price-sensitive this year.,clean
R_BM_000013,2026-06-03T19:35:52Z,2026-06-03T19:28:27Z,100,TRUE,445,quotes@summitneedleworksshop.example,Summit Needleworks Shop,26 or more,About $1M+,17 years,24,Team/school spiritwear,South,what the job is worth,129,1.12 per thousand,$150 minimum,rarely,$50 rush fee,occasionally,every job,pretty confident,okay,Probably,,clean
R_BM_000014,05/13/2026 08:51,05/13/2026 08:43,100,True,489,owner@redbarnthreadsshop.example,Red Barn Threads Shop,1,Under $50k,0 years,one,Contract embroidery,West,by stitch,42,1.29 per thousand,depends,no setup,No,more than I should,when I remember,extremely confident,up and down,No,Minimums changed everything for us.,clean
R_BM_000015,06/08/2026 16:05,2026-06-08 16:00:17,100,True,307,office0@redbarndesignsllc.example,Red Barn Designs LLC,26 or more,About $50k-$100k,31 years,10+,Mixed services,Midwest,spreadsheet + stitch count,$120 per hour,1.82 per thousand,6 pieces,$25 setup,no rush fee,frequently,quarterly,4/5,acceptable,No,Customers are more price-sensitive this year.,clean
R_BM_000016,03/25/26 08:34 AM,03/25/2026 08:24,100,Complete,590,office@bobbinmonogramscollect.example,Bobbin Monograms Collective,me + 2,,23,2 heads,Custom embroidery,West,hybrid,about 100,$1.29,depends,not usually,20% rush,never,when costs change,4/5,very profitable,Not sure,,clean
R_BM_000017,06/12/2026 10:24,06/12/2026 10:15,100,TRUE,573,office@goldenteamwearllc.example,Golden Teamwear LLC,Solo,About $50k-$100k,22 years,1,Custom embroidery,Midwest,what competitors charge,99,1.03 per thousand,depends,no setup,No,sometimes,,Confident,fine,Maybe later,We need a better price sheet.,clean
R_BM_000018,2026-03-30 23:28:11,03/30/26 11:20 PM,100,True,448,quotes@northstarteamwearshop.example,North Star Teamwear Shop,solo,$250k-$500k,20+,1-head,Promotional products,South,depends,100,1.19 per thousand,24 pieces,no setup,if we are busy,sometimes,4x a year,middle,acceptable,Probably,I worry about losing repeat customers.,clean
R_BM_000019,"Mar 27, 2026 01:42 AM",03/27/2026 01:33,100,TRUE,550,quotes@urbanlogoshopstudio.example,Urban Logo Shop Studio,mid-size shop,$100k-$250k,2 yrs,6 machines,Custom embroidery,Midwest,market rate,79,1.37 per thousand,minimum charge $75,no setup,sometimes,we hold price,rarely,5,hard to say but low,Yes,,clean
R_BM_000020,"May 30, 2026 02:45 PM",05/30/2026 14:44,100,TRUE,50,office4+nnep@needledesigns.example,Needle Designs,6-10 employees,,14 years,3 machines,Custom embroidery,Midwest,spreadsheet + stitch count,83,$1.84 per 1k,$100 minimum,setup fee on every new logo,Yes - 25%,occasionally,if supplies go up,extremely confident,okay,No,I worry about losing repeat customers.,clean
R_BM_000021,05/27/2026 08:59,2026-05-27T08:50:40Z,100,TRUE,501,office@threadteamwearllc.example,Thread Teamwear LLC,6-10,About $100k-$250k,20+,8 heads,Custom embroidery,Canada/Other,match local shops,$97,1.34 per thousand,depends,,"yes, standard",not often,if supplies go up,4/5,good enough,Not sure,We need a better price sheet.,clean
R_BM_000022,2026-03-27T13:55:11Z,2026-03-27 13:51:48,100,TRUE,203,info@redbarnwearablescompan.example,Red Barn Wearables Company,Solo,Under $50k,about 9,2 heads,Mixed services,West,gut feel,57,1.12 per thousand,$100 minimum,rarely,we should but don't,sometimes,yearly,3 - somewhat confident,not enough,No,,clean
R_BM_000023,2026-03-25T20:40:56Z,03/25/2026 20:33,100,True,426,quotes1@mainstreetthreadsstudi.example,Main Street Threads Studio,2 to 5 employees,,since 2014,3 machines,Custom embroidery,Northeast,mostly stitch count,115/hr,$1.88 per 1k,$150 minimum,No,not usually,depends on the customer,once a year,middle,acceptable,Maybe later,,clean
R_BM_000024,2026-03-22 03:59:43,03/22/2026 03:55,100,Y,266,office@goldendigitizingllc.example,Golden Digitizing LLC,one-person shop,Under 50k,about 5,1 heads,Custom embroidery,West,cost based,$88 per hour,1.86/1000,$75 minimum,always,no rush fee,occasionally,when costs change,Slightly confident,healthy,No,,clean
R_BM_000025,06/11/26 06:58 PM,2026-06-11 18:48:32,100,True,612,info@cedarworkscompany.example,Cedar Works Company,mid-size shop,$1M+,8,10-head,Custom embroidery,Midwest,cost based,$130 per hour,1.32/1000,minimum charge $100,yes - standard,we should but don't,depends on the customer,as needed,middle,excellent,Not sure,We need a better price sheet.,clean
R_BM_000026,05/10/2026 20:48,2026-05-10T20:43:02Z,100,Y,347,office@hooplogoshopgroup.example,Hoop Logo Shop Group,2-5,$100k-$250k,12 yrs,2-head,Decorated apparel,West,hourly rate,$102,1.24 per thousand,depends,always,published rush fee,sometimes,not often,4,thin margins,Probably,I worry about losing repeat customers.,clean
R_BM_000027,04/12/2026 04:25,04/12/26 04:19 AM,100,True,339,contact2@lakesidedigitizinggrou.example,LAKESIDE DIGITIZING GROUP,1,$50k-$100k,0,3 machines,Decorated apparel,Northeast,hybrid,about 65,$1.54 per 1k,depends,not usually,case by case,often,,Confident,fine,Maybe later,Minimums changed everything for us.,clean
R_BM_000028,03/18/26 12:19 PM,2026-03-18 12:15:49,100,Y,212,quotes@lakesideteamwearshop.example,Lakeside Teamwear Shop,2-5,100k-250k,0 years,4-head,Mixed services,Northeast,hybrid,about 73,1.18 per thousand,minimum charge $100,Yes,published rush fee,not often,once a year,pretty confident,good,Not sure,,clean
R_BM_000029,06/04/26 08:34 PM,06/04/2026 20:26,100,Complete,505,quotes@silverwearablesshop.example,Silver Wearables Shop,1,Under 50k,0,2 heads,Custom embroidery,South,value based,$85,,$100 minimum,only digitizing,we should but don't,often,as needed,1 - not confident,up and down,Not sure,,clean
R_BM_000030,"May 02, 2026 07:26 AM",05/02/26 07:14 AM,100,TRUE,751,sales@magnoliateamwearllc.example,Magnolia Teamwear LLC,2 to 5 employees,$100k-$250k,about 9,2,Custom embroidery,Midwest,stitch rate,102,1.26/1000,depends,for new designs,depends,no discounts,,very unsure,healthy,No,I worry about losing repeat customers.,clean
R_BM_000031,04/23/26 09:44 PM,2026-04-23 21:38:22,100,Y,350,info@mainstreetembroideryst.example,MAIN STREET EMBROIDERY STUDIO,Solo,Under 50k,1 years,1-head,Custom embroidery,South,materials + markup,$77 per hour,$0.91,$75 minimum,case by case,case by case,more than I should,rarely,4,varies,Not sure,I worry about losing repeat customers.,clean
R_BM_000032,05/10/26 10:19 PM,2026-05-10T22:11:24Z,100,Y,498,owner@lakesidethreadsstudio.example,Lakeside Threads Studio,one-person shop,About $100k-$250k,since 2022,two,Promotional products,South,gut feel,71,1.24/1000,$25 minimum,rarely,,occasionally,yearly,2/5,excellent,Maybe later,Minimums changed everything for us.,clean
R_BM_000033,2026-06-07T10:02:10Z,"Jun 07, 2026 09:56 AM",100,Complete,355, hello@crowndesignscompany.example ,Crown Designs Company,6-10 employees,1M+,about 19,6-head,Mixed services,West,what competitors charge,about 116,$1.06,$35 minimum,depends,if we are busy,for schools/nonprofits,not often,4/5,thin margins,Probably,Minimums changed everything for us.,clean
R_BM_000034,2026-05-01 04:05:31,05/01/2026 03:56,100,TRUE,518,contact@riverembroideryllc.example,River Embroidery LLC,owner only,$100k-$250k,10 yrs,1 machines,Custom embroidery,Midwest,depends,about 68,$1.11 per 1k,$100 minimum,rarely,no rush fee,a lot,constantly,3 - somewhat confident,healthy,Probably,,clean
R_BM_000035,2026-03-23 17:58:54,03/23/2026 17:50,100,TRUE,510,info@prairieneedleworksstud.example,Prairie Needleworks Studio,11-25,$500k-$1M,more than 20,15 heads,Contract embroidery,Midwest,calculator,150,1.55 per thousand,depends,setup fee on every new logo,20% rush,not often,every few months,Confident,good,No,We need a better price sheet.,clean
R_BM_000036,2026-05-06T07:28:01Z,2026-05-06T07:19:21Z,100,Complete,520, quotes@heritagestudioshop.example ,Heritage Studio Shop ,me + 2,$100k-$250k,5,8 heads,Decorated apparel,Midwest,stitch count,,$1.37,depends,only digitizing,no rush fee,sometimes,when costs change,Slightly confident,profitable,Not sure,I worry about losing repeat customers.,clean
R_BM_000037,2026-05-24 07:48:08,2026-05-24 07:35:23,100,TRUE,765,quotes@hoopdigitizinggroup.example,Hoop Digitizing Group,1,About Under $50k,4 years,2 machines,Custom embroidery,Canada/Other,hybrid,92,1.81 per thousand,depends,$25 setup,$50 rush fee,sometimes,every year,extremely confident,depends on job,Maybe later,We need a better price sheet.,clean
R_BM_000038,2026-05-20 05:47:58,05/20/2026 05:39,100,Y,515,quotes@mapledigitizing.example,Maple Digitizing,solo,Under 50k,1 years,two,Contract embroidery,Midwest,hourly rate,102,1.41/1000,depends,rarely,Yes - 25%,only strategic accounts,every few months,2/5,depends on job,Not sure,,clean
R_BM_000039,06/07/26 04:30 AM,2026-06-07T04:24:03Z,100,Complete,407,info@redbarnapparelgroup.example,Red Barn Apparel Group,2 to 5 employees,$250k-$500k,1,3 heads,Team/school spiritwear,Midwest,custom quote,71/hr,$1.11 per 1k,minimum charge $50,rarely,depends,sometimes,,Very confident,hard to say but low,Probably,,clean
R_BM_000040,06/04/26 06:26 PM,2026-06-04T18:19:19Z,100,True,460,sales@lakesidewearablesllc.example,Lakeside Wearables LLC,solo,Under $50k,5 years,4 machines,Team/school spiritwear,West,manual estimate,,1.36 per thousand,$35 minimum,no setup,not usually,rarely,not often,extremely confident,healthy,Not sure,Minimums changed everything for us.,clean
R_BM_000041,"Apr 02, 2026 10:08 AM",2026-04-02 10:02:58,100,True,324,quotes2@luckycustomsllc.example,Lucky Customs LLC,2 to 5 employees,under $50k,5 years,6 machines,Decorated apparel,South,premium pricing,71/hr,n/a,$50 minimum,depends,No,occasionally,when costs change,4,depends on job,Not sure,Customers are more price-sensitive this year.,clean
R_BM_000042,"Apr 02, 2026 01:22 AM","Apr 02, 2026 01:17 AM",100,True,357,quotes@riverstitchcollc.example,River Stitch Co. LLC,6-10 employees,500k-1M,14 yrs,5,Mixed services,Midwest,spreadsheet + stitch count,95,$1.46 per 1k,$150 minimum,Yes,20% rush,for schools/nonprofits,when costs change,Slightly confident,up and down,No,,clean
R_BM_000043,04/15/2026 02:42,2026-04-15T02:32:35Z,100,True,623,contact+nnep@heritageteamweargroup.example,Heritage Teamwear Group,2-5,Prefer not to say,more than 20,two,Custom embroidery,Northeast,match local shops,$150,$1.48,12 pieces,setup fee on every new logo,Yes - 25%,occasionally,each estimate,extremely confident,good enough,No,Customers are more price-sensitive this year.,clean
R_BM_000044,05/20/2026 23:02,2026-05-20 22:54:59,100,Y,425,quotes@cedarteamwearcollectiv.example,Cedar Teamwear Collective,2 to 5 employees,$250k-$500k,since 2015,4-head,Custom embroidery,Northeast,cost based,$94,$1.39 per 1k,$75 minimum,depends,depends,only strategic accounts,never,1,healthy,No,We need a better price sheet.,clean
R_BM_000045,2026-05-21T22:58:43Z,2026-05-21T22:52:03Z,100,Y,400,info@hoopdigitizingcollecti.example,Hoop Digitizing Collective,solo,About $100k-$250k,about 7,3 heads,Mixed services,Northeast,I quote each job,53,$1.05 per 1k,depends,No,we should but don't,more than I should,never,1 - not confident,varies,Not sure,We need a better price sheet.,clean
R_BM_000046,2026-04-02T18:08:40Z,04/02/26 06:04 PM,100,Complete,275,contact@summitapparel.example,Summit Apparel,2-5 employees,500k-1M,about 15,6 heads,Custom embroidery,South,hourly,85/hr,1.52/1000,minimum charge $150,No,depends,depends on the customer,rarely,3,very profitable,Maybe later,Customers are more price-sensitive this year.,clean
R_BM_000047,04/10/2026 20:46,04/10/26 08:40 PM,100,Y,366,contact2@urbandecoratedgoodscol.example,Urban Decorated Goods Collective,small team,$100k-$250k,6,2 heads,Decorated apparel,South,what competitors charge,51,1.12/1000,$75 minimum,no setup,not usually,for schools/nonprofits,,not very,profitable,Probably,I worry about losing repeat customers.,clean
R_BM_000048,"May 06, 2026 02:40 AM","May 06, 2026 02:30 AM",100,Complete,583,owner@sunrisemonogramscompan.example,Sunrise Monograms Company,26+,1M+,about 36,8-head,Promotional products,Northeast,cost plus profit,165/hr,1.53/1000,minimum charge $150,No,Yes - 25%,we hold price,only when vendors raise prices,4,fine,Not sure,We need a better price sheet.,clean
R_BM_000049,2026-05-12T08:01:01Z,2026-05-12 07:56:52,100,Complete,249,office1@silverteamwearllc.example,Silver Teamwear LLC,small team,About $1M+,32 years,4 machines,Custom embroidery,Northeast,hybrid,137,$1.53,1 pieces,Yes,20% rush,not often,every few months,not very,good,Yes,,clean
R_BM_000050,2026-03-18T04:40:57Z,03/18/26 04:31 AM,100,True,552,hello@lakesidelogoshopcollec.example,Lakeside Logo Shop Collective,2-5 employees,$1m+,14 years,10+,Decorated apparel,Midwest,cost plus,about 95,$1.62 per 1k,$150 minimum,No,published rush fee,for schools/nonprofits,before every quote,4/5,fine,Maybe later,Customers are more price-sensitive this year.,clean
R_BM_000051,2026-04-22T20:10:34Z,"Apr 22, 2026 07:59 PM",100,True,685,quotes@mainstreetdecoratedgoo.example,Main Street Decorated Goods LLC,6-10 employees,About $1M+,11,6-head,,West,cost based,105/hr,$1.84 per 1k,depends,always,20% rush,only strategic accounts,each quarter,4,varies,Not sure,I worry about losing repeat customers.,clean
R_BM_000052,2026-03-24 14:25:02,03/24/26 02:16 PM,100,Y,494,owner@brightcustomscollectiv.example,Bright Customs Collective,small team,Under $50k,9 yrs,two,Team/school spiritwear,Midwest,hybrid,$93 per hour,1.01/1000,24,no setup,No,occasionally,when costs change,4,good enough,Probably,Customers are more price-sensitive this year.,clean
R_BM_000053,05/02/26 10:35 PM,2026-05-02T22:31:27Z,100,Y,269,HELLO@RIVERCREATIVE.EXAMPLE,River Creative,small team,50k-100k,more than 20,1-head,Custom embroidery,West,cost+margin,141/hr,1.91/1000,12 pieces,$25 setup,20% rush,no discounts,if supplies go up,Very confident,struggling,Not sure,,clean
R_BM_000054,2026-05-10 06:12:17,2026-05-10 06:03:53,100,True,504,sales@luckyprintstitchshop.example,Lucky Print & Stitch Shop,one-person shop,Under 50k,11 years,4 machines,Custom embroidery,Midwest,market rate,$27 per hour,0.54/1000,$75 minimum,sometimes,No,often,,very unsure,very profitable,Yes,I worry about losing repeat customers.,clean
R_BM_000055,03/23/26 11:31 AM,03/23/26 11:24 AM,100,TRUE,399,OFFICE@HERITAGENEEDLEWORKSCOM.EXAMPLE,Heritage Needleworks Company,solo,$500k-$1M,about 0,2 machines,Custom embroidery,Midwest,what competitors charge,$51 per hour,$1.16,$25 minimum,rarely,we should but don't,never,never,1,good,Not sure,Minimums changed everything for us.,clean
R_BM_000056,03/21/26 07:30 AM,03/21/2026 07:22,100,Complete,463,contact@silvercreativestudio.example,Silver Creative Studio,small team,$250k-$500k,more than 20,10,Mixed services,West,calculator,about 92,0.99 per thousand,$50 minimum,setup fee on every new logo,not usually,occasionally,once a year,3 - somewhat confident,depends on job,No,,clean
R_BM_000057,2026-06-08T06:54:18Z,06/08/26 06:51 AM,100,True,187,contact2@magnoliaworkscollectiv.example,Magnolia Works Collective,6 to 10,$100k-$250k,10 years,4 machines,Custom embroidery,South,costing worksheet,$102 per hour,$2.17,minimum charge $100,,,only strategic accounts,constantly,Very confident,good,Probably,We need a better price sheet.,clean
R_BM_000058,2026-04-01 14:25:49,04/01/2026 14:19,100,Complete,393,sales@prairiestudiocollectiv.example,Prairie Studio Collective,Solo,$250k-$500k,9 yrs,2 heads,Decorated apparel,West,cost based,$92 per hour,1.37 per thousand,depends,rarely,No,depends on the customer,rarely,3 - somewhat confident,fine,Probably,I worry about losing repeat customers.,clean
R_BM_000059,2026-05-23T01:12:02Z,2026-05-23 01:05:56,100,Complete,366,owner2@maplestudiocollective.example,Maple Studio Collective,small team,$1m+,10 yrs,3 heads,Promotional products,West,gut feel,n/a,$0.90 per 1k,$50 minimum,depends,we should but don't,for schools/nonprofits,yearly,3 - somewhat confident,good enough,Maybe later,Minimums changed everything for us.,clean
R_BM_000060,"Mar 29, 2026 08:29 AM",2026-03-29 08:23:49,100,Complete,330,info@summitlogoshopstudio.example,Summit Logo Shop Studio,one-person shop,Under 50k,3,1 heads,Promotional products,Midwest,I quote each job,$57,$1.04,12 pieces,not usually,we should but don't,"yes, often",if supplies go up,1,thin margins,Not sure,We need a better price sheet.,clean
R_BM_000061,"Apr 28, 2026 09:42 PM",2026-04-28T21:31:18Z,100,TRUE,672,hello@crownprintstitchstudio.example,Crown Print & Stitch Studio,just me,Under $50k,6 yrs,1 machines,Decorated apparel,Northeast,mostly stitch count,48/hr,0.75/1000,depends,,no rush fee,depends on the customer,never,Not confident,inconsistent,Maybe later,,clean
R_BM_000062,2026-03-29T18:56:32Z,2026-03-29 18:49:27,100,True,425,info1@oakstitchcocompany.example,Oak Stitch Co. Company,me + 2,250k-500k,about 1,two,Custom embroidery,West,hourly rate,$118 per hour,depends,minimum charge $100,yes - standard,$50 rush fee,rarely,before every quote,Somewhat,very profitable,No,,clean
R_BM_000063,06/04/2026 12:02,2026-06-04T11:54:02Z,100,TRUE,516,owner2@hoopdesignscompany.example,Hoop Designs Company,26+,$500k-$1M,about 2,15 machines,Mixed services,Northeast,calculator,about 136,1.62 per thousand,$50 minimum,always,not usually,for schools/nonprofits,once a year,4/5,depends on job,No,I worry about losing repeat customers.,clean
R_BM_000064,06/11/26 04:41 AM,2026-06-11 04:36:17,100,True,331,hello@prairiedigitizingcompa.example,Prairie Digitizing Company,2 to 5 employees,n/a,0 years,6,Custom embroidery,West,spreadsheet + stitch count,about 30,0.95/1000,24,depends,we should but don't,depends on the customer,every year,Somewhat,up and down,No,We need a better price sheet.,clean
R_BM_000065,05/22/26 05:24 PM,"May 22, 2026 05:15 PM",100,Y,512, owner@crownbrandinggroup.example ,Crown Branding Group,26+,$500k-$1M,19 years,12-head,Decorated apparel,Northeast,job costing,129/hr,$1.69,12 pieces,$25 setup,$50 rush fee,rarely,yearly,extremely confident,excellent,Maybe later,Customers are more price-sensitive this year.,clean
R_BM_000066,"Apr 12, 2026 12:50 AM",2026-04-12T00:44:01Z,100,Y,416,owner@riverthreadscollective.example,River Threads Collective,Solo,About $250k-$500k,7 years,one,Contract embroidery,Midwest,stitch count,I don't use hourly,0.69/1000,$50 minimum,depends,"yes, standard",depends on the customer,every year,not very,very strong,No,,clean
R_BM_000067,2026-03-22 03:57:20,2026-03-22 03:50:43,100,Complete,397,hello@riverdigitizingllc.example,River Digitizing LLC,26 or more,Prefer not to say,15 years,10 heads,Decorated apparel,Northeast,$/hour,$160 per hour,$1.08 per 1k,depends,always,published rush fee,depends on the customer,each quarter,5 - very confident,profitable,Not sure,Minimums changed everything for us.,clean
R_BM_000068,06/03/2026 14:23,2026-06-03 14:19:32,100,TRUE,243,office@needlemonogramsshop.example,Needle Monograms Shop,mid-size shop,500k-1M,18 years,4 heads,Custom embroidery,West,cost based,$126,$1.32,$50 minimum,,published rush fee,occasionally,if supplies go up,5 - very confident,very profitable,Yes,Minimums changed everything for us.,clean
R_BM_000069,"May 27, 2026 03:50 PM",05/27/2026 15:40,100,Y,594,hello0@magnoliacustomsshop.example,Magnolia Customs Shop,just me,,1,1 machines,Custom embroidery,Northeast,gut feel,$64,0.77 per thousand,12,no setup,not usually,"yes, often",constantly,Slightly confident,good,Not sure,Minimums changed everything for us.,clean
R_BM_000070,2026-05-07T22:46:09Z,05/07/2026 22:36,100,Y,565,info5@redbarnworksshop.example,Red Barn Works Shop,6-10,$1M+,16 yrs,3,Custom embroidery,Northeast,materials + markup,100,$1.13 per 1k,12 pieces,sometimes,,often,every year,Confident,profitable,No,We need a better price sheet.,clean
R_BM_000071,06/08/26 05:43 AM,06/08/26 05:39 AM,100,Complete,260,info@lakesidecreativellc.example,Lakeside Creative LLC,2-5 employees,50k-100k,19 years,4 machines,Custom embroidery,West,premium pricing,$79 per hour,1.29/1000,$50 minimum,no setup,Yes - 25%,only strategic accounts,yearly,5 - very confident,very profitable,No,I worry about losing repeat customers.,clean
R_BM_000072,04/04/26 06:11 PM,04/04/26 06:04 PM,100,True,428,hello@sunrisewearablescompan.example,Sunrise Wearables Company,owner only,About $100k-$250k,1,2,Decorated apparel,Canada/Other,costing worksheet,90/hr,1.25/1000,minimum charge $150,No,"yes, standard",not often,every few months,4/5,okay,Maybe later,,clean
R_BM_000073,"Apr 07, 2026 02:47 AM",2026-04-07 02:44:02,100,TRUE,233,office@riverdesignsgroup.example,River Designs Group,owner only,About Under $50k,0,single head,Decorated apparel,Midwest,case by case,I don't use hourly,$0.78 per 1k,depends,no setup,only for very fast turnaround,rarely,never,not very,not enough,Not sure,We need a better price sheet.,clean
R_BM_000074,03/24/26 12:00 AM,2026-03-23 23:56:22,100,Complete,241,contact@bobbinbrandingllc.example,Bobbin Branding LLC,6-10,$500k-$1M,more than 20,5 machines,Custom embroidery,West,costing worksheet,139/hr,$1.79,depends,$25 setup,we should but don't,not often,yearly,pretty confident,healthy,Yes,,clean
R_BM_000075,04/18/26 03:56 PM,"Apr 18, 2026 03:48 PM",100,Complete,473,office@prairieworkscollective.example,Prairie Works Collective,2 to 5 employees,$250k-$500k,7,1 machines,Promotional products,Midwest,depends,111,1.08 per thousand,6,No,case by case,a lot,annually,3 - somewhat confident,up and down,Yes,We need a better price sheet.,clean
R_BM_000076,03/15/2026 11:29,2026-03-15T11:21:19Z,100,Y,464,SALES@WILLOWWORKSCOMPANY.EXAMPLE,Willow Works Company,2-5,250k-500k,since 2020,4 heads,Contract embroidery,West,by stitch,52/hr,$0.85,minimum charge $25,case by case,sometimes,"yes, often",not often,2/5,acceptable,Probably,,clean
R_BM_000077,2026-06-09 03:12:13,06/09/26 03:02 AM,100,True,604,office1@mapleteamwearcollectiv.example,Maple Teamwear Collective,2 to 5 employees,$100k-$250k,12,6,Mixed services,West,gut feel,n/a,$1.17 per 1k,depends,for new designs,"yes, standard",occasionally,only when vendors raise prices,Slightly confident,inconsistent,Maybe later,We need a better price sheet.,clean
R_BM_000078,2026-03-20T09:41:43Z,03/20/2026 09:31,100,Y,602,info@needledesignsshop.example,Needle Designs Shop,solo,$250k-$500k,7,three,Promotional products,Midwest,mostly stitch count,75,1.40 per thousand,12 pieces,not usually,only for very fast turnaround,only strategic accounts,if supplies go up,Not confident,okay,No,Customers are more price-sensitive this year.,clean
R_BM_000079,"Apr 28, 2026 11:44 AM",2026-04-28 11:31:09,100,Y,815,info@stitchcreative.example,Stitch Creative,2-5 employees,250k-500k,1 yrs,6-head,Contract embroidery,West,calculator,about 89,1.86 per thousand,12 pieces,always,20% rush,for schools/nonprofits,every year,3,very profitable,Not sure,,clean
R_BM_000080,04/23/26 12:34 PM,04/23/26 12:28 PM,100,TRUE,336,sales2@cedarlogoshopcompany.example,CEDAR LOGO SHOP COMPANY,about 15,1M+,19,12 machines,Custom embroidery,Northeast,costing worksheet,162,$1.16,$75 minimum,Yes,$50 rush fee,rarely,as needed,4/5,fine,Not sure,I worry about losing repeat customers.,clean
R_BM_000081,04/11/2026 11:56,2026-04-11 11:43:29,100,True,780, office@summitcreativestudio.example ,Summit Creative Studio,me + 2,$500k-$1M,14,two,Decorated apparel,Midwest,$/hour,$93 per hour,$1.50,depends,always,,depends on the customer,once a year,extremely confident,healthy,Maybe later,We need a better price sheet.,clean
R_BM_000082,2026-04-13T15:36:04Z,04/13/2026 15:33,100,Y,161, quotes5@bobbindecoratedgoodsco.example ,Bobbin Decorated Goods Collective,one-person shop,About $50k-$100k,8 years,1-head,Promotional products,South,hybrid,$89 per hour,1.74/1000,6,yes - standard,no rush fee,more than I should,annually,2/5,fine,Maybe later,Minimums changed everything for us.,clean
R_BM_000083,2026-04-08T10:15:18Z,2026-04-08T10:09:36Z,100,TRUE,342,contact6@oakwearablesstudio.example,Oak Wearables Studio,2-5,$250k-$500k,13 years,3-head,Mixed services,South,value based,116,2.20 per thousand,depends,always,20% rush,depends on the customer,each quarter,pretty confident,acceptable,Yes,,clean
R_BM_000084,05/02/2026 10:34,"May 02, 2026 10:29 AM",100,Complete,275,office1@willowneedleworkscompa.example,Willow Needleworks Company,one-person shop,50k-100k,19 yrs,2-head,Team/school spiritwear,South,hybrid,about 87,$0.99,36,no setup,No,occasionally,once a year,Confident,up and down,No,I worry about losing repeat customers.,clean
R_BM_000085,03/17/26 07:50 AM,2026-03-17T07:46:05Z,100,Y,269,contact@prairiedesignsstudio.example,Prairie Designs Studio,about 8,$500k-$1M,1 years,2 heads,Custom embroidery,South,cost plus,$98,$1.33,minimum charge $75,,No,not often,each quarter,2,depends on job,Not sure,We need a better price sheet.,clean
R_BM_000086,05/18/2026 21:07,05/18/2026 21:00,100,Y,412,owner@brightdecoratedgoodssh.example,BRIGHT DECORATED GOODS SHOP,3 employees,$500k-$1M,since 2020,2,Decorated apparel,South,hybrid,about 128,1.80 per thousand,depends,no setup,"yes, standard",frequently,once a year,3 - somewhat confident,excellent,No,Customers are more price-sensitive this year.,clean
R_BM_000087,03/30/2026 14:58,"Mar 30, 2026 02:51 PM",100,Complete,428,sales@hoopcustomscollective.example,Hoop Customs Collective,30 employees,$1M+,26 yrs,10+,Contract embroidery,West,hourly,about 111,,$150 minimum,yes - standard,no rush fee,only strategic accounts,yearly,middle,profitable,No,I worry about losing repeat customers.,clean
R_BM_000088,2026-06-08 13:54:18,06/08/26 01:48 PM,100,Complete,330,info1@cedarcustomsgroup.example,Cedar Customs Group,about 8,$500k-$1M,9 years,6 machines,Team/school spiritwear,South,cost plus profit,about 106,1.33/1000,$25 minimum,sometimes,case by case,never,never,pretty confident,depends on job,Maybe later,We need a better price sheet.,clean
R_BM_000089,2026-03-30T05:53:58Z,03/30/26 05:50 AM,100,TRUE,227,owner@crownprintstitch.example,Crown Print & Stitch,solo,Under 50k,about 16,single head,Contract embroidery,West,job costing,about 98,1.27 per thousand,12 pieces,,20% rush,occasionally,as needed,4,acceptable,Yes,Minimums changed everything for us.,clean
R_BM_000090,2026-03-18 05:42:42,03/18/2026 05:39,100,Y,219,hello@brightmonogramsstudio.example,Bright Monograms Studio,just me,About Under $50k,more than 20,4-head,Custom embroidery,West,cost plus profit,$90 per hour,1.31 per thousand,24 pieces,Yes,"yes, standard",rarely,4x a year,not very,okay,Not sure,,clean
R_BM_000091,2026-03-17 20:57:10,"Mar 17, 2026 08:51 PM",100,Y,318,owner@mapledecoratedgoodsstu.example,Maple Decorated Goods Studio,6-10,1M+,5,6-head,Custom embroidery,Northeast,cost plus profit,105,$1.45 per 1k,depends,always,$50 rush fee,not often,every year,4/5,very strong,Yes,Customers are more price-sensitive this year.,clean
R_BM_000092,03/17/26 03:18 PM,"Mar 17, 2026 03:11 PM",100,Complete,408,office@brightstitchco.example,Bright Stitch Co.,1,$100k-$250k,about 15,1 machines,Custom embroidery,Midwest,costing worksheet,$89 per hour,1.52/1000,depends,not usually,Yes - 25%,sometimes,only when vendors raise prices,5 - very confident,struggling,Probably,Customers are more price-sensitive this year.,clean
R_BM_000093,2026-04-20 09:49:28,2026-04-20 09:37:16,100,True,732,contact@luckyprintstitchllc.example,Lucky Print & Stitch LLC,Solo,About $50k-$100k,6 yrs,2 machines,Mixed services,Midwest,per 1000 stitches,,0.69/1000,depends,for new designs,depends,not often,as needed,2,profitable,Not sure,,clean
R_BM_000094,2026-03-30T01:26:45Z,"Mar 30, 2026 01:13 AM",100,True,777,contact2@lakesidestitchcollc.example,Lakeside Stitch Co. LLC,6-10 employees,$250k-$500k,more than 20,5-head,Custom embroidery,Midwest,cost+margin,$124,$1.55,minimum charge $75,always,published rush fee,more than I should,each quarter,5,healthy,Maybe later,Minimums changed everything for us.,clean
R_BM_000095,"Apr 04, 2026 01:59 AM","Apr 04, 2026 01:54 AM",100,TRUE,280,sales@summitworksllc.example,Summit Works LLC,one-person shop,n/a,8 years,1 machines,Mixed services,Midwest,stitch count,I don't use hourly,$1.01,6,no setup,depends,sometimes,when costs change,Somewhat,varies,No,,clean
R_BM_000096,"Mar 18, 2026 06:17 AM","Mar 18, 2026 06:03 AM",100,Complete,832,owner@summitdesignsstudio.example,SUMMIT DESIGNS STUDIO,3 employees,About $100k-$250k,about 11,2 machines,Custom embroidery,West,I quote each job,94,0.77 per thousand,$150 minimum,case by case,No,for schools/nonprofits,as needed,4/5,excellent,Maybe later,Customers are more price-sensitive this year.,clean
R_BM_000097,04/18/2026 01:40,"Apr 18, 2026 01:30 AM",100,TRUE,606,info@blueridgedesignsshop.example,Blue Ridge Designs Shop,solo,About $50k-$100k,about 7,2-head,Team/school spiritwear,Northeast,cost+margin,$76,1.13/1000,12 pieces,case by case,No,rarely,,not very,acceptable,Maybe later,I worry about losing repeat customers.,clean
R_BM_000098,"May 01, 2026 06:30 AM","May 01, 2026 06:22 AM",100,Complete,472,contact4@crowncreativeshop.example,Crown Creative Shop,Solo,About Under $50k,about 0,2-head,Decorated apparel,Midwest,stitch count,68/hr,$1.27,depends,only digitizing,,not often,rarely,Slightly confident,hard to say but low,No,Customers are more price-sensitive this year.,clean
R_BM_000099,2026-05-01 07:18:22,"May 01, 2026 07:15 AM",100,Y,191, office5@northstarworksllc1362.example ,North Star Works LLC #1362,Solo,,19 years,1,Custom embroidery,South,spreadsheet + stitch count,$71 per hour,$1.80,depends,always,$50 rush fee,only strategic accounts,each quarter,4,hard to say but low,Not sure,I worry about losing repeat customers.,clean
R_BM_000100,"May 11, 2026 11:15 AM",2026-05-11T11:09:40Z,100,Y,378,office6@ironmonogramscompany13.example,Iron Monograms Company #1370,2 to 5 employees,About $50k-$100k,6 yrs,four,Contract embroidery,West,per 1000 stitches,about 114,$1.75,minimum charge $150,Yes,20% rush,no discounts,yearly,4,very strong,No,I worry about losing repeat customers.,clean
R_BM_000101,2026-05-27T08:51:45Z,2026-05-27 08:44:39,100,True,426,hello@stitchteamwearcollecti.example,Stitch Teamwear Collective #1371,2 to 5 employees,About $1M+,12,4 heads,Custom embroidery,Midwest,costing worksheet,65/hr,$1.20 per 1k,$35 minimum,always,"yes, standard",not often,only when vendors raise prices,Somewhat,very strong,Maybe later,We need a better price sheet.,clean
R_BM_000102,2026-04-29T12:13:45Z,"Apr 29, 2026 12:05 PM",100,Complete,478,hello+nnep@blueridgemonogramsshop.example,Blue Ridge Monograms Shop #1374,owner only,500k-1M,15 yrs,one,Decorated apparel,Northeast,cost plus profit,65,0.99/1000,$150 minimum,case by case,,for schools/nonprofits,annually,4,not enough,Yes,Customers are more price-sensitive this year.,clean
R_BM_000103,06/10/26 01:38 PM,2026-06-10 13:34:44,100,True,243,office@needleprintstitch1375.example,Needle Print & Stitch #1375,solo,$100k-$250k,1 yrs,1-head,Custom embroidery,South,hourly,$59,,depends,no setup,No,sometimes,rarely,3 - somewhat confident,struggling,Maybe later,I worry about losing repeat customers.,clean
R_BM_000104,03/27/2026 20:40,03/27/26 08:30 PM,100,Complete,620,info@oakwearablesllc1377.example,Oak Wearables LLC #1377,6-10,$500k-$1m,23 yrs,4-head,Decorated apparel,Midwest,what the job is worth,about 126,1.70 per thousand,6,Yes,$50 rush fee,not often,annually,extremely confident,very strong,Not sure,We need a better price sheet.,clean
R_BM_000105,06/05/26 07:22 PM,2026-06-05T19:17:27Z,100,Complete,291,sales4@mapleapparelcompany138.example,Maple Apparel Company #1382,26+,1M+,about 13,10+,Decorated apparel,South,stitch rate,$129 per hour,1.47/1000,minimum charge $100,rarely,"yes, standard",sometimes,each quarter,pretty confident,fine,No,I worry about losing repeat customers.,clean
R_BM_000106,2026-06-08 12:50:11,"Jun 08, 2026 12:48 PM",100,Y,112,quotes@goldenprintstitchllc13.example,Golden Print & Stitch LLC #1383,small team,About $50k-$100k,24 years,1-head,Custom embroidery,Northeast,manual estimate,65,0.79/1000,minimum charge $75,No,we should but don't,sometimes,every year,Not confident,up and down,Yes,We need a better price sheet.,clean
R_BM_000107,2026-03-20T06:55:03Z,"Mar 20, 2026 06:45 AM",100,True,596,quotes@stitchdecoratedgoodsst.example,Stitch Decorated Goods Studio #1384,owner only,About Under $50k,4,two,Contract embroidery,South,gut feel,84,$0.98 per 1k,6,no setup,case by case,"yes, often",4x a year,2,inconsistent,Not sure,,clean
R_BM_000108,04/12/26 01:51 PM,"Apr 12, 2026 01:45 PM",100,True,366,office@riverdecoratedgoodsstu.example,River Decorated Goods Studio #1387,26 or more,$1m+,24,24,Promotional products,Canada/Other,costing worksheet,$145,$1.87,12,No,"yes, standard",rarely,every few months,Very confident,varies,Probably,I worry about losing repeat customers.,clean
R_BM_000109,06/05/26 01:24 PM,06/05/26 01:18 PM,100,TRUE,307,office@willowlogoshopshop1393.example,Willow Logo Shop Shop #1393,owner only,under $50k,0 years,2 heads,Mixed services,Northeast,custom quote,n/a,1.15/1000,$150 minimum,case by case,No,for schools/nonprofits,never,1,good,Yes,We need a better price sheet.,clean
R_BM_000110,05/02/26 06:53 AM,05/02/2026 06:46,100,TRUE,413,hello2@mapledecoratedgoodsstu.example,Maple Decorated Goods Studio #1394,about 8,250k-500k,less than 1,five,Custom embroidery,South,materials + markup,75/hr,$1.37,6 pieces,no setup,No,not often,when costs change,4,thin margins,Probably,Minimums changed everything for us.,clean
R_BM_000111,2026-04-18T13:01:29Z,2026-04-18 12:45:56,100,Y,933,contact0@ironcreative1399.example,Iron Creative #1399,one-person shop,$100k-$250k,about 8,1 heads,Decorated apparel,West,hourly,about 106,1.51/1000,12 pieces,always,not usually,for schools/nonprofits,each estimate,5,profitable,Yes,,clean
R_BM_000112,"May 17, 2026 07:09 PM",2026-05-17T19:04:57Z,100,Complete,276,quotes@blueridgestudio1402.example,Blue Ridge Studio #1402,owner only,$100k-$250k,about 9,1,Promotional products,Midwest,time based,74/hr,depends,12,rarely,we should but don't,depends on the customer,when costs change,middle,okay,Not sure,We need a better price sheet.,clean
R_BM_000113,2026-06-08T18:45:53Z,06/08/26 06:39 PM,100,Complete,407,quotes@willowstudiostudio1403.example,Willow Studio Studio #1403,6 to 10,100k-250k,less than 1,2-head,Team/school spiritwear,Northeast,manual estimate,n/a,1.34 per thousand,$100 minimum,,case by case,"yes, often",rarely,middle,struggling,Probably,Customers are more price-sensitive this year.,clean
R_BM_000114,04/05/26 11:34 PM,04/05/2026 23:29,100,Y,248,info@blueridgedecoratedgood.example,BLUE RIDGE DECORATED GOODS COLLECTIVE #1412,just me,$50k-$100k,4 yrs,3-head,Contract embroidery,Northeast,manual estimate,$56 per hour,0.95 per thousand,12 pieces,rarely,No,not often,if supplies go up,2,depends on job,Yes,We need a better price sheet.,clean
R_BM_000115,"May 24, 2026 12:17 PM",05/24/2026 12:08,100,Complete,536,owner0@riverwearablescompany1.example,River Wearables Company #1413,3 employees,$100k-$250k,since 2011,1,Custom embroidery,Northeast,manual estimate,,1.17/1000,depends,depends,,frequently,only when vendors raise prices,middle,excellent,Not sure,,clean
R_BM_000116,2026-05-27 05:23:20,05/27/26 05:12 AM,100,True,654,office@cedarcustomscollective.example,Cedar Customs Collective #1415,11-25 employees,About $1M+,about 17,15 heads,Custom embroidery,Midwest,calculator,about 158,1.53 per thousand,12 pieces,yes - standard,No,often,every few months,extremely confident,good,No,,clean
R_BM_000117,2026-03-18T06:11:10Z,2026-03-18 06:04:26,100,Y,404,info@redbarnapparelstudio14.example,Red Barn Apparel Studio #1417,small team,$500k-$1M,more than 20,3 heads,Contract embroidery,Midwest,costing worksheet,$114 per hour,1.51 per thousand,6 pieces,always,not usually,we hold price,when costs change,Somewhat,depends on job,Maybe later,,clean
R_BM_000118,05/23/2026 15:12,05/23/26 03:04 PM,100,True,438, info@redbarncreativecollect.example ,Red Barn Creative Collective #1423 ,2-5 employees,$250k-$500k,11 years,6 heads,Custom embroidery,Midwest,gut feel,n/a,0.84/1000,minimum charge $50,No,no rush fee,never,rarely,very unsure,thin margins,No,,clean
R_BM_000119,05/29/26 05:36 PM,2026-05-29T17:27:51Z,100,True,531,office5@stitchcreativecompany1.example,Stitch Creative Company #1425,11-25,$500k-$1m,13,12 machines,Custom embroidery,West,what the job is worth,$131 per hour,$1.49 per 1k,12,No,20% rush,depends on the customer,annually,pretty confident,fine,Maybe later,We need a better price sheet.,clean
R_BM_000120,2026-05-14T16:26:39Z,05/14/26 04:20 PM,100,Complete,389,quotes@bobbincreativestudio14.example,Bobbin Creative Studio #1433,1,50k-100k,new,1 machines,Team/school spiritwear,Midwest,gut feel,64/hr,0.99/1000,minimum charge $50,not usually,,rarely,when I remember,3 - somewhat confident,profitable,Maybe later,Customers are more price-sensitive this year.,clean
R_BM_000121,04/08/26 06:52 AM,04/08/2026 06:50,100,TRUE,158,office@sunrisecreativestudio1.example,SUNRISE CREATIVE STUDIO #1442,about 8,About $1M+,10 years,two,Custom embroidery,South,per 1000 stitches,110,1.62/1000,$25 minimum,rarely,sometimes,no discounts,constantly,2,very strong,No,,clean
R_BM_000122,"Mar 23, 2026 04:41 AM",2026-03-23 04:33:54,100,Y,446,contact@stitchapparelstudio144.example,Stitch Apparel Studio #1443,small team,$50k-$100k,1,3 machines,Decorated apparel,Northeast,value based,119,$1.27 per 1k,$75 minimum,$25 setup,20% rush,sometimes,annually,Somewhat,struggling,Probably,Minimums changed everything for us.,clean
R_BM_000123,2026-03-18 00:28:14,2026-03-18 00:19:18,100,Y,536,quotes5@northstarapparelstudio.example,North Star Apparel Studio #1446,about 15,$250k-$500k,about 2,10 machines,Decorated apparel,Midwest,gut feel,$130,$1.55 per 1k,$35 minimum,case by case,not usually,rarely,only when vendors raise prices,extremely confident,okay,Maybe later,We need a better price sheet.,clean
R_BM_000124,05/17/26 03:33 AM,05/17/2026 03:25,100,Complete,461,quotes@urbanapparelstudio1452.example,Urban Apparel Studio #1452,11 to 25 employees,1M+,1,10+,Custom embroidery,Northeast,stitch count,116,$1.31,depends,,"yes, standard","yes, often",constantly,3 - somewhat confident,healthy,No,We need a better price sheet.,clean
R_BM_000125,04/11/2026 08:56,04/11/2026 08:49,100,True,431,owner@goldenthreadsstudio145.example,Golden Threads Studio #1453,30 employees,500k-1M,18 years,15 machines,Decorated apparel,South,job costing,$161,1.48/1000,$150 minimum,,Yes - 25%,depends on the customer,once a year,5 - very confident,good enough,Not sure,We need a better price sheet.,clean
R_BM_000126,"Jun 02, 2026 01:17 AM",2026-06-02 01:12:01,100,True,302,HELLO@PRAIRIELOGOSHOPCOMPANY.EXAMPLE,Prairie Logo Shop Company #1462,2-5 employees,$50k-$100k,since 2014,3,Promotional products,Northeast,by stitch,$73 per hour,1.39/1000,6,No,not usually,occasionally,every few months,Slightly confident,profitable,Not sure,Customers are more price-sensitive this year.,clean
R_BM_000127,03/17/26 05:42 AM,2026-03-17T05:33:31Z,100,True,554,info@willowlogoshopllc1465.example,WILLOW LOGO SHOP LLC #1465,me + 2,$500k-$1M,about 14,one,Decorated apparel,Midwest,hourly,$106,1.36 per thousand,none,rarely,not usually,only strategic accounts,every year,4,profitable,Probably,,clean
R_BM_000128,2026-05-29 00:50:58,05/29/26 12:45 AM,100,TRUE,352,owner@luckythreads1470.example,Lucky Threads #1470,small team,About $1M+,2,six,Custom embroidery,South,hybrid,about 107,1.47/1000,12 pieces,sometimes,sometimes,for schools/nonprofits,once a year,Slightly confident,very strong,Maybe later,,clean
R_BM_000129,"Mar 23, 2026 08:23 AM",03/23/26 08:14 AM,100,TRUE,523,info4@threadcustomsstudio147.example,Thread Customs Studio #1473,2-5 employees,$100k-$250k,about 6,3 heads,Promotional products,Midwest,materials + markup,$83,1.43 per thousand,12 pieces,only digitizing,$50 rush fee,frequently,not often,2/5,healthy,Yes,,clean
R_BM_000130,05/30/26 06:34 PM,05/30/26 06:29 PM,100,Y,260,hello@prairiedigitizingstudi.example,Prairie Digitizing Studio #1475,small team,$100k-$250k,about 9,2,Decorated apparel,West,mostly stitch count,,$1.94,depends,rarely,,depends on the customer,constantly,3,profitable,Maybe later,I worry about losing repeat customers.,clean
R_BM_000131,2026-03-24T10:21:32Z,2026-03-24 10:13:12,100,Y,500,info@blueridgedecoratedgood.example,Blue Ridge Decorated Goods Studio #1476,3 employees,50k-100k,15 yrs,three,Custom embroidery,Northeast,what the job is worth,about 98,$1.35 per 1k,12 pieces,yes - standard,"yes, standard",not often,4x a year,5 - very confident,okay,Not sure,Customers are more price-sensitive this year.,clean
R_BM_000132,2026-05-19 03:26:27,"May 19, 2026 03:19 AM",100,TRUE,437,sales@magnoliaworkscollectiv.example,Magnolia Works Collective #1479,1,$500k-$1M,21 years,two,Mixed services,West,labor hours,89/hr,1.01/1000,depends,rarely,only for very fast turnaround,often,if supplies go up,pretty confident,profitable,Probably,Customers are more price-sensitive this year.,clean
R_BM_000133,03/20/26 01:57 PM,2026-03-20 13:52:42,100,True,309,office@sunrisecustomscollecti.example,Sunrise Customs Collective #1483,Solo,$100k-$250k,since 2020,1 heads,Mixed services,Midwest,cost plus,127/hr,$1.84,minimum charge $50,rarely,no rush fee,sometimes,as needed,2/5,very profitable,Not sure,We need a better price sheet.,clean
R_BM_000134,2026-05-17T07:50:46Z,"May 17, 2026 07:41 AM",100,TRUE,534,quotes@heritageteamweargroup1.example,Heritage Teamwear Group #1484,1,under $50k,1 years,3,Promotional products,South,job costing,about 41,$1.05,12,rarely,,rarely,4x a year,pretty confident,profitable,Probably,,clean
R_BM_000135,2026-05-08 01:44:18,2026-05-08 01:39:34,100,True,284,owner2@luckystudiogroup1485.example,Lucky Studio Group #1485,6-10,About Under $50k,1 years,3-head,Contract embroidery,Midwest,materials + markup,$88 per hour,$1.01,$75 minimum,yes - standard,no rush fee,for schools/nonprofits,every year,Very confident,profitable,Not sure,Minimums changed everything for us.,clean
R_BM_000136,"Mar 27, 2026 06:18 PM",2026-03-27T18:07:01Z,100,Y,680,owner@oaklogoshopllc1487.example,Oak Logo Shop LLC #1487,11-25 employees,1M+,16 yrs,8-head,Contract embroidery,Northeast,market rate,,1.70/1000,36 pieces,rarely,we should but don't,more than I should,every year,Somewhat,profitable,Not sure,,clean
R_BM_000137,03/18/26 09:54 AM,"Mar 18, 2026 09:44 AM",100,Y,602,,Oak Designs #1489,one-person shop,n/a,14 yrs,one,Decorated apparel,South,job costing,73/hr,1.36/1000,minimum charge $75,Yes,published rush fee,only strategic accounts,not often,5 - very confident,acceptable,Probably,I worry about losing repeat customers.,clean
R_BM_000138,2026-03-31 02:33:45,03/31/2026 02:21,100,TRUE,715,QUOTES@WILLOWLOGOSHOPCOMPANY1.EXAMPLE,Willow Logo Shop Company #1496,1,$50k-$100k,about 27,4,Mixed services,Northeast,calculator,108,1.44/1000,6,Yes,published rush fee,not often,once a year,5 - very confident,fine,Not sure,Minimums changed everything for us.,clean
R_BM_000139,2026-06-07 16:27:45,2026-06-07T16:21:16Z,100,True,389,sales@brightembroidery1500.example,Bright Embroidery #1500,6-10 employees,,5 yrs,10-head,Custom embroidery,Northeast,job costing,about 97,1.58/1000,minimum charge $150,no setup,not usually,we hold price,annually,Very confident,up and down,Not sure,Minimums changed everything for us.,clean
R_BM_000140,2026-05-27 11:55:31,"May 27, 2026 11:52 AM",100,Y,185,quotes@northstardecoratedgood.example,North Star Decorated Goods Shop #1507,1,,16,one,Promotional products,Northeast,per 1000 stitches,,$1.44 per 1k,$25 minimum,for new designs,,sometimes,not often,Not confident,varies,Not sure,Minimums changed everything for us.,clean
R_BM_000141,2026-06-03T21:51:44Z,2026-06-03 21:50:54,100,Y,50,hello3@heritagelogoshopcollec.example,Heritage Logo Shop Collective #1521,solo,$100k-$250k,7 years,one,Promotional products,Northeast,cost plus profit,105,$1.01,depends,$25 setup,Yes - 25%,never,when I remember,middle,inconsistent,Not sure,Minimums changed everything for us.,clean
R_BM_000142,04/25/26 03:47 AM,"Apr 25, 2026 03:40 AM",100,Y,413, office6@urbancustomscompany152.example ,Urban Customs Company #1524,large operation,About $250k-$500k,20+,10,Mixed services,South,gut feel,122/hr,1.11/1000,$150 minimum,always,Yes - 25%,rarely,every job,3 - somewhat confident,okay,No,I worry about losing repeat customers.,clean
R_BM_000143,"Apr 20, 2026 09:38 AM","Apr 20, 2026 09:29 AM",100,TRUE,517,sales@riverapparelshop1525.example,River Apparel Shop #1525,owner only,Under 50k,2 yrs,1-head,Mixed services,South,stitch rate,79,$1.93,$100 minimum,always,we should but don't,sometimes,annually,3,profitable,Not sure,,clean
R_BM_000144,06/08/26 12:39 AM,2026-06-08T00:26:08Z,100,Y,811,owner@magnoliacreative1533.example,Magnolia Creative #1533,just me,,8 years,1 heads,,South,job costing,74,$1.41,$100 minimum,rarely,No,occasionally,rarely,Somewhat,up and down,Maybe later,,clean
R_BM_000145,2026-05-15T22:13:27Z,2026-05-15T22:06:03Z,100,TRUE,444,owner3@willowneedleworksshop1.example,Willow Needleworks Shop #1535,over 25,About $1M+,16 years,15 machines,Contract embroidery,West,job costing,$156 per hour,$1.92 per 1k,1 pieces,$25 setup,"yes, standard",occasionally,quarterly,pretty confident,good,Not sure,,clean
R_BM_000146,05/13/2026 03:21,05/13/26 03:12 AM,100,TRUE,544,contact@mainstreetdecoratedgoo.example,Main Street Decorated Goods Shop #1537,solo,$50k-$100k,more than 20,1 heads,Custom embroidery,South,cost plus,101/hr,1.19/1000,depends,,we should but don't,"yes, often",yearly,4,depends on job,Not sure,,clean
R_BM_000147,05/22/2026 20:49,05/22/2026 20:43,100,Y,381,contact@redbarnthreads1542.example,RED BARN THREADS #1542,11-25 employees,1M+,about 2,8 machines,Decorated apparel,Northeast,$/hour,$144 per hour,,24,yes - standard,$50 rush fee,never,every few months,5,up and down,Not sure,,clean
R_BM_000148,2026-04-04 02:01:20,"Apr 04, 2026 01:50 AM",100,Y,645,quotes@willowembroiderycompan.example,Willow Embroidery Company #1544,11-25,250k-500k,20 years,8 machines,Promotional products,South,cost based,about 135,1.44/1000,depends,always,$50 rush fee,often,every few months,5 - very confident,fine,Yes,,clean
R_BM_000149,03/30/2026 03:43,03/30/2026 03:38,100,Y,353,quotes@prairieapparel1546.example,Prairie Apparel #1546,me + 2,About $250k-$500k,11 years,4 machines,Mixed services,Midwest,spreadsheet + stitch count,$99 per hour,$1.10,minimum charge $75,yes - standard,$50 rush fee,occasionally,every year,4,excellent,Maybe later,,clean
R_BM_000150,"Jun 05, 2026 03:08 PM",06/05/26 02:56 PM,100,True,716,contact@riverlogoshopllc1548.example,River Logo Shop LLC #1548,1,50k-100k,9 years,1,Decorated apparel,South,materials + markup,$96 per hour,$1.40 per 1k,1 pieces,only digitizing,only for very fast turnaround,"yes, often",each quarter,middle,inconsistent,Not sure,,clean
R_BM_000151,05/29/2026 18:08,"May 29, 2026 06:04 PM",100,Complete,275,info6@crowndigitizingshop155.example,Crown Digitizing Shop #1552,2-5,$50k-$100k,about 0,2 machines,Custom embroidery,West,cost+margin,92/hr,$1.68 per 1k,depends,Yes,20% rush,never,when costs change,pretty confident,inconsistent,Yes,Customers are more price-sensitive this year.,clean
R_BM_000152,"Apr 19, 2026 09:34 AM",2026-04-19 09:28:04,100,Y,390,contact4@willowdigitizingstudio.example,Willow Digitizing Studio #1557,small team,About $500k-$1M,2 years,four,Custom embroidery,South,depends,$68,0.76 per thousand,$150 minimum,,no rush fee,for schools/nonprofits,never,middle,hard to say but low,No,Customers are more price-sensitive this year.,clean
R_BM_000153,2026-03-26T23:06:33Z,03/26/26 10:58 PM,100,Y,482,info@summitdigitizing1559.example,Summit Digitizing #1559,3 employees,1M+,32 yrs,3 heads,Custom embroidery,Midwest,depends,101/hr,$0.90,24,case by case,not usually,for schools/nonprofits,when I remember,2/5,struggling,No,Customers are more price-sensitive this year.,clean
R_BM_000154,2026-05-25 01:21:11,2026-05-25 01:15:17,100,TRUE,354,office@hoopbrandinggroup1562.example,Hoop Branding Group #1562,6-10 employees,,18 yrs,six,Decorated apparel,Northeast,labor hours,109,1.69 per thousand,$150 minimum,always,no rush fee,sometimes,rarely,pretty confident,hard to say but low,Not sure,Customers are more price-sensitive this year.,clean
R_BM_000155,04/17/26 01:41 AM,2026-04-17T01:40:14Z,100,Y,50,INFO3@HERITAGEDESIGNSGROUP15.EXAMPLE,Heritage Designs Group #1563,30 employees,,about 24,12-head,Contract embroidery,Northeast,job costing,about 136,1.82 per thousand,12 pieces,$25 setup,published rush fee,sometimes,annually,5 - very confident,okay,Maybe later,We need a better price sheet.,clean
R_BM_000156,2026-03-27 02:22:18,2026-03-27T02:17:01Z,100,TRUE,317,contact@needlecustomsllc1566.example,Needle Customs LLC #1566,3 employees,$100k-$250k,11 years,6 machines,Custom embroidery,West,stitch rate,about 93,1.42/1000,minimum charge $150,sometimes,we should but don't,sometimes,each estimate,middle,good,No,We need a better price sheet.,clean
R_BM_000157,"May 02, 2026 01:42 PM","May 02, 2026 01:35 PM",100,Y,404,owner@crownworkscompany1572.example,Crown Works Company #1572,mid-size shop,100k-250k,2 years,3,Promotional products,Northeast,value based,129/hr,1.29 per thousand,$50 minimum,yes - standard,$50 rush fee,occasionally,constantly,Very confident,very profitable,Yes,Customers are more price-sensitive this year.,clean
R_BM_000158,06/07/2026 14:58,2026-06-07 14:48:24,100,TRUE,577,info@threadstitchcollc1573.example,Thread Stitch Co. LLC #1573,one-person shop,$500k-$1M,31,one,Custom embroidery,Canada/Other,by stitch,$78,$1.45,24,No,no rush fee,rarely,yearly,3 - somewhat confident,good enough,Maybe later,,clean
R_BM_000159,"May 12, 2026 06:10 AM",2026-05-12T06:03:29Z,100,True,426,info@goldenlogoshopcompany1.example,Golden Logo Shop Company #1575,larger shop,About $500k-$1M,since 2016,12 machines,Team/school spiritwear,,labor hours,about 134,,minimum charge $100,rarely,No,only strategic accounts,yearly,3,profitable,Yes,Customers are more price-sensitive this year.,clean
R_BM_000160,03/28/26 04:42 AM,"Mar 28, 2026 04:32 AM",100,Y,622,HELLO@LAKESIDEBRANDINGGROUP1.EXAMPLE,Lakeside Branding Group #1583,owner only,About $500k-$1M,16 yrs,two,Custom embroidery,South,spreadsheet + stitch count,about 75,1.24/1000,$150 minimum,for new designs,not usually,only strategic accounts,never,Slightly confident,acceptable,Yes,We need a better price sheet.,clean
R_BM_000161,2026-05-26T08:27:43Z,2026-05-26 08:22:51,100,Y,292,info@crowndesignscollective.example,Crown Designs Collective #1584 ,one-person shop,Under $50k,0,single head,Mixed services,South,market rate,,1.27 per thousand,6,No,No,no discounts,once a year,Somewhat,okay,Not sure,,clean
R_BM_000162,03/31/2026 00:45,2026-03-31T00:37:50Z,100,True,456,hello4@heritagethreads1585.example,Heritage Threads #1585,Solo,50k-100k,2,one,Mixed services,Midwest,costing worksheet,about 104,$1.32 per 1k,12,not usually,if we are busy,not often,yearly,2,good enough,No,,clean
R_BM_000163,05/23/2026 10:38,"May 23, 2026 10:36 AM",100,True,137,contact@luckyteamwearshop1593.example,Lucky Teamwear Shop #1593,2-5 employees,$100k-$250k,about 13,4,Custom embroidery,Midwest,stitch rate,about 96,$1.34,12 pieces,setup fee on every new logo,Yes - 25%,for schools/nonprofits,once a year,4,inconsistent,Not sure,Customers are more price-sensitive this year.,clean
R_BM_000164,"May 24, 2026 12:33 AM",2026-05-24T00:26:00Z,100,True,450,quotes1@willowthreads1596.example,Willow Threads #1596,2 to 5 employees,500k-1M,35,1 machines,Mixed services,Northeast,cost based,$99,$1.60 per 1k,$50 minimum,Yes,Yes - 25%,depends on the customer,only when vendors raise prices,Somewhat,struggling,No,We need a better price sheet.,clean
R_BM_000165,"May 03, 2026 10:35 AM",2026-05-03T10:25:57Z,100,Y,563,contact@heritagestudioshop1597.example,HERITAGE STUDIO SHOP #1597,6-10,About $1M+,about 1,six,,Midwest,per 1000 stitches,about 123,$0.95,none,,published rush fee,sometimes,annually,Somewhat,varies,Maybe later,Minimums changed everything for us.,clean
R_BM_000166,04/11/26 08:56 AM,04/11/26 08:49 AM,100,Complete,405,contact@redbarndecoratedgoodsg.example,Red Barn Decorated Goods Group #1601,2-5 employees,,about 8,3 machines,Mixed services,Midwest,cost+margin,86,$1.53 per 1k,$50 minimum,yes - standard,,for schools/nonprofits,annually,Somewhat,profitable,Not sure,We need a better price sheet.,clean
R_BM_000167,2026-04-07T22:24:40Z,2026-04-07 22:14:59,100,Y,581,sales@northstarworkscollecti.example,North Star Works Collective #1610,over 25,$500k-$1M,2 years,30-head,Decorated apparel,South,case by case,n/a,$1.12 per 1k,depends,rarely,No,only strategic accounts,when I remember,2,up and down,No,I worry about losing repeat customers.,clean
R_BM_000168,06/10/26 06:15 AM,06/10/2026 06:09,100,Complete,398,office@heritagestitchcoshop16.example,HERITAGE STITCH CO. SHOP #1619,2 to 5 employees,About $250k-$500k,since 2014,2,Decorated apparel,West,calculator,$107,$1.74 per 1k,minimum charge $150,no setup,,for schools/nonprofits,once a year,4/5,good enough,Maybe later,Minimums changed everything for us.,clean
R_BM_000169,2026-05-06 10:14:18,"May 06, 2026 10:08 AM",100,Y,377,contact6@needleneedleworksllc16.example,Needle Needleworks LLC #1622,1,,19 yrs,2 machines,Promotional products,Midwest,stitch count,I don't use hourly,$1.29,$150 minimum,sometimes,case by case,occasionally,as needed,Slightly confident,good,Not sure,We need a better price sheet.,clean
R_BM_000170,04/05/2026 06:01,"Apr 05, 2026 06:00 AM",100,Y,50,contact4@maplestudioshop1627.example,Maple Studio Shop #1627,about 8,$1M+,since 2017,15,Decorated apparel,Northeast,based on customer value,107/hr,$1.37,6 pieces,,not usually,for schools/nonprofits,once a year,pretty confident,depends on job,Yes,,clean
R_BM_000171,03/27/26 12:18 AM,2026-03-27 00:05:50,100,TRUE,757,quotes@willowworksshop1630.example,Willow Works Shop #1630,2-5,$250k-$500k,20+,single head,Team/school spiritwear,South,based on customer value,105/hr,,24 pieces,No,No,for schools/nonprofits,once a year,3 - somewhat confident,good,No,We need a better price sheet.,clean
R_BM_000172,"May 30, 2026 01:49 PM",05/30/2026 13:44,100,TRUE,258,sales@luckydecoratedgoodscom.example,Lucky Decorated Goods Company #1631,over 25,About $1M+,20 yrs,12 machines,Contract embroidery,South,cost+margin,147/hr,2.18/1000,6,$25 setup,$50 rush fee,depends on the customer,4x a year,pretty confident,very strong,No,Minimums changed everything for us.,clean
R_BM_000173,"Apr 03, 2026 09:34 PM","Apr 03, 2026 09:33 PM",100,TRUE,50,hello6@needleapparelstudio163.example,Needle Apparel Studio #1636,just me,Prefer not to say,0 years,three,Custom embroidery,Canada/Other,depends,,0.77 per thousand,6 pieces,only digitizing,,"yes, often",rarely,Slightly confident,acceptable,Not sure,I worry about losing repeat customers.,clean
R_BM_000174,2026-04-05 19:54:58,2026-04-05 19:46:29,100,True,509,contact0@northstarprintstitchco.example,North Star Print & Stitch Collective #1637,6-10,$250k-$500k,11 yrs,four,Custom embroidery,West,spreadsheet + stitch count,about 113,$2.14,$100 minimum,yes - standard,not usually,"yes, often",only when vendors raise prices,5,good enough,No,We need a better price sheet.,clean
R_BM_000175,2026-06-07T16:24:10Z,06/07/2026 16:18,100,Complete,333,quotes@lakesidelogoshopcompan.example,Lakeside Logo Shop Company #1645,just me,Prefer not to say,15,1-head,Custom embroidery,Northeast,spreadsheet + stitch count,$103 per hour,1.19/1000,$100 minimum,$25 setup,"yes, standard",rarely,before every quote,4,healthy,Maybe later,I worry about losing repeat customers.,clean
R_BM_000176,"Jun 05, 2026 03:08 PM",2026-06-05 15:03:38,100,Y,282,office4@prairiethreadsllc1648.example,Prairie Threads LLC #1648,3 employees,,12 years,one,Custom embroidery,Northeast,job costing,$128,1.41 per thousand,depends,rarely,not usually,for schools/nonprofits,every few months,3 - somewhat confident,good enough,No,,clean
R_BM_000177,2026-05-20 09:27:36,2026-05-20T09:24:52Z,100,TRUE,164,owner0@heritagedesignsstudio1.example,Heritage Designs Studio #1651,Solo,About $250k-$500k,9,one,Promotional products,Midwest,stitch count,$71 per hour,1.48 per thousand,$25 minimum,depends,no rush fee,sometimes,every few months,Slightly confident,okay,Not sure,Customers are more price-sensitive this year.,clean
R_BM_000178,2026-05-07 05:42:45,2026-05-07T05:35:17Z,100,True,448,hello2@pinecustoms1653.example,Pine Customs #1653,11-25 employees,1M+,about 0,6-head,Custom embroidery,South,hourly,$126,1.13/1000,minimum charge $50,No,no rush fee,depends on the customer,when I remember,pretty confident,good enough,Yes,Minimums changed everything for us.,clean
R_BM_000179,05/20/26 12:52 PM,05/20/2026 12:48,100,TRUE,248,hello@needlelogoshop1654.example,Needle Logo Shop #1654,26+,1M+,about 4,20 machines,Mixed services,South,based on customer value,133,,depends,yes - standard,$50 rush fee,sometimes,only when vendors raise prices,4/5,very strong,Maybe later,We need a better price sheet.,clean
R_BM_000180,2026-03-24 12:32:02,03/24/2026 12:27,100,Complete,260,quotes@stitchdesignscompany16.example,Stitch Designs Company #1658,just me,About $250k-$500k,about 24,three,Contract embroidery,Midwest,spreadsheet + stitch count,109,$1.32,1,only digitizing,not usually,"yes, often",never,4,fine,Not sure,I worry about losing repeat customers.,clean
R_BM_000181,2026-05-23T08:12:40Z,"May 23, 2026 08:06 AM",100,True,393,info0@northstarteamwearllc16.example,North Star Teamwear LLC #1665,solo,100k-250k,20 yrs,one,Decorated apparel,West,based on customer value,$86 per hour,,depends,Yes,not usually,rarely,annually,extremely confident,excellent,Maybe later,Minimums changed everything for us.,clean
R_BM_000182,2026-04-28T23:46:13Z,2026-04-28T23:42:04Z,100,True,249,sales1@magnoliacustoms1666.example,MAGNOLIA CUSTOMS #1666,small team,About $250k-$500k,20+,four,Mixed services,West,cost plus profit,122/hr,1.44/1000,depends,setup fee on every new logo,,for schools/nonprofits,yearly,Confident,not enough,No,,clean
R_BM_000183,05/30/26 04:55 AM,"May 30, 2026 04:46 AM",100,True,594,HELLO@OAKTEAMWEARCOLLECTIVE1.EXAMPLE,Oak Teamwear Collective #1667,just me,n/a,13 yrs,1-head,Custom embroidery,West,gut feel,40/hr,$0.91 per 1k,1 pieces,not usually,,occasionally,not often,1 - not confident,profitable,No,Customers are more price-sensitive this year.,clean
R_BM_000184,03/16/2026 08:10,2026-03-16 08:07:04,100,True,235,quotes@lakesideworks1670.example,Lakeside Works #1670,6-10 employees,About $500k-$1M,14 yrs,6 heads,Decorated apparel,Midwest,cost based,$133,$1.59 per 1k,minimum charge $100,$25 setup,we should but don't,no discounts,once a year,middle,depends on job,No,I worry about losing repeat customers.,clean
R_BM_000185,"Apr 07, 2026 12:11 PM",04/07/26 12:04 PM,100,TRUE,435,sales@sunrisestudiocollectiv.example,Sunrise Studio Collective #1674,about 15,$500k-$1M,about 8,15 heads,Custom embroidery,West,per 1000 stitches,$135 per hour,1.56/1000,$150 minimum,setup fee on every new logo,$50 rush fee,for schools/nonprofits,constantly,not very,acceptable,Yes,We need a better price sheet.,clean
R_BM_000186,2026-04-15 03:17:57,04/15/26 03:11 AM,100,Complete,379,info@redbarnlogoshopllc1676.example,Red Barn Logo Shop LLC #1676,2-5 employees,About $50k-$100k,since 2021,1,Custom embroidery,South,spreadsheet + stitch count,$96,1.74 per thousand,6 pieces,no setup,20% rush,rarely,yearly,pretty confident,okay,No,I worry about losing repeat customers.,clean
R_BM_000187,"Mar 24, 2026 04:42 AM",03/24/26 04:38 AM,100,True,230,info@bobbinbrandingcollecti.example,Bobbin Branding Collective #1682,1,About $50k-$100k,9 yrs,1,Custom embroidery,West,costing worksheet,$112,2.10 per thousand,$50 minimum,setup fee on every new logo,$50 rush fee,for schools/nonprofits,each quarter,4/5,not enough,Probably,Minimums changed everything for us.,clean
R_BM_000188,2026-03-24T23:47:11Z,"Mar 24, 2026 11:38 PM",100,Complete,519,info2@riverteamweargroup1688.example,River Teamwear Group #1688,11-25 employees,$500k-$1M,about 10,8-head,Decorated apparel,South,cost plus profit,$100,$2.20,1 pieces,always,no rush fee,sometimes,quarterly,5 - very confident,fine,No,I worry about losing repeat customers.,clean
R_BM_000189,06/08/2026 09:00,2026-06-08 08:48:54,100,True,677,info@maplebrandingcompany16.example,Maple Branding Company #1689,solo,About Under $50k,13,two,Decorated apparel,West,hybrid,$98,2.05/1000,depends,yes - standard,no rush fee,for schools/nonprofits,quarterly,4,fine,Maybe later,Minimums changed everything for us.,clean
R_BM_000190,2026-06-12 08:45:27,06/12/26 08:38 AM,100,TRUE,437,office@pinethreadscompany1690.example,Pine Threads Company #1690,me + 2,$1m+,16 yrs,2 machines,Contract embroidery,West,calculator,76,$1.06 per 1k,12 pieces,only digitizing,depends,occasionally,,3,okay,Yes,,clean
R_BM_000191,2026-04-14T09:31:47Z,"Apr 14, 2026 09:23 AM",100,Y,518,quotes@oakbrandingcollective1.example,Oak Branding Collective #1692,one-person shop,Under $50k,new,1-head,Mixed services,South,stitch rate,64/hr,$1.04,minimum charge $25,,we should but don't,for schools/nonprofits,only when vendors raise prices,2,inconsistent,Maybe later,Minimums changed everything for us.,clean
R_BM_000192,05/11/26 06:47 AM,2026-05-11 06:36:19,100,TRUE,673,owner@stitchprintstitchshop1.example,Stitch Print & Stitch Shop #1694,solo,$50k-$100k,5 yrs,one,Custom embroidery,West,spreadsheet + stitch count,$90 per hour,1.39 per thousand,depends,rarely,no rush fee,no discounts,every few months,4,very strong,Not sure,Minimums changed everything for us.,clean
R_BM_000193,03/15/2026 12:37,"Mar 15, 2026 12:31 PM",100,Complete,351,sales@crownworksgroup1696.example,Crown Works Group #1696,3 employees,$50k-$100k,0,1,Custom embroidery,Midwest,spreadsheet + stitch count,$101 per hour,0.55 per thousand,depends,only digitizing,No,never,if supplies go up,2,healthy,Probably,,clean
R_BM_000194,"Mar 18, 2026 02:25 PM","Mar 18, 2026 02:18 PM",100,Complete,433,contact@brightdesignsgroup1703.example,BRIGHT DESIGNS GROUP #1703,about 8,$250k-$500k,2 years,12 machines,Promotional products,South,by stitch,about 119,1.73 per thousand,depends,$25 setup,20% rush,no discounts,every year,pretty confident,hard to say but low,Not sure,Minimums changed everything for us.,clean
R_BM_000195,2026-04-01T19:28:12Z,2026-04-01 19:22:11,100,TRUE,361,sales@luckyprintstitchllc170.example,Lucky Print & Stitch LLC #1704,1,About $100k-$250k,5 yrs,three,Mixed services,West,by stitch,$72 per hour,$1.50,minimum charge $100,Yes,Yes - 25%,sometimes,when costs change,4,profitable,No,,clean
R_BM_000196,03/18/26 11:50 PM,2026-03-18T23:46:22Z,100,TRUE,272,sales@willowwearablesshop170.example,Willow Wearables Shop #1705,owner only,$100k-$250k,about 9,1-head,Decorated apparel,West,stitch rate,71,$0.85,no min,No,,never,rarely,3 - somewhat confident,good enough,Not sure,I worry about losing repeat customers.,clean
R_BM_000197,2026-03-25T20:24:50Z,"Mar 25, 2026 08:14 PM",100,Y,602,sales@mainstreetdesignscompa.example,Main Street Designs Company #1710,owner only,$100k-$250k,7,1,Decorated apparel,Midwest,hourly,74/hr,$0.45 per 1k,6 pieces,No,No,frequently,annually,3 - somewhat confident,inconsistent,Maybe later,,clean
R_BM_000198,2026-04-26T10:45:48Z,2026-04-26T10:37:06Z,100,True,522,hello@summitcreative1714.example,Summit Creative #1714,2-5 employees,$1m+,13 years,1 heads,Custom embroidery,South,market rate,72,1.05/1000,6 pieces,,,sometimes,when I remember,very unsure,healthy,No,,clean
R_BM_000199,05/26/2026 18:26,"May 26, 2026 06:18 PM",100,TRUE,478,owner6@northstarworksshop1727.example,North Star Works Shop #1727,me + 2,$250k-$500k,8,three,Decorated apparel,Northeast,materials + markup,$146,$0.88,depends,$25 setup,20% rush,we hold price,when costs change,middle,okay,No,,clean
R_BM_000200,06/10/26 03:29 PM,"Jun 10, 2026 03:21 PM",100,TRUE,460,quotes@maplethreadsstudio1729.example,Maple Threads Studio #1729,1,About $500k-$1M,about 0,single head,Custom embroidery,Midwest,competitive pricing,64,0.81 per thousand,depends,rarely,no rush fee,depends on the customer,only when vendors raise prices,1 - not confident,good,Not sure,Customers are more price-sensitive this year.,clean
R_BM_000201,2026-03-30T01:26:45Z,2026-03-30T01:19:00Z,100,Complete,465,contact2@lakesidestitchcollc.example,Lakeside Stitch Co. LLC,6-10,250k-500k,22 yrs,5 heads,Custom embroidery,Midwest,cost plus profit,$124 per hour,1.55/1000,minimum charge $75,$25 setup,published rush fee,frequently,every few months,5 - very confident,profitable,Maybe later,Minimums changed everything for us.,duplicate_complete
R_BM_000202,"May 18, 2026 09:07 PM",2026-05-18T20:59:01Z,100,Complete,529,owner@brightdecoratedgoodssh.example,Bright Decorated Goods Shop,3 employees,$500k-$1M,6 yrs,2 heads,Decorated apparel,South,hybrid,128/hr,$1.80,$50 minimum,no setup,20% rush,a lot,yearly,Somewhat,very profitable,Maybe later,We need a better price sheet.,duplicate_complete
R_BM_000203,03/18/26 04:40 AM,2026-03-18T04:39:29Z,78,N,88,hello@lakesidelogoshopcollec.example,Lakeside Logo Shop Collective,2-5 employees,About $1M+,about 14,10+,Decorated apparel,Midwest,cost plus profit,,1.62 per thousand,,,published rush fee,,each estimate,,okay,Maybe later,Customers are more price-sensitive this year.,duplicate_partial
R_BM_000204,03/16/2026 08:10,"Mar 16, 2026 08:09 AM",54,Partial,73,quotes@lakesideworks1670.example,Lakeside Works #1670,mid-size shop,500k-1M,since 2012,6 machines,Decorated apparel,Midwest,,$133,,,,not usually,no discounts,annually,middle,depends on job,Probably,,duplicate_partial
R_BM_000205,"Mar 30, 2026 05:53 AM",03/30/26 05:50 AM,100,TRUE,221,owner@crownprintstitch.example,Crown Print & Stitch,one-person shop,Under $50k,16 yrs,1 machines,Contract embroidery,West,hybrid,about 98,1.27 per thousand,12 pieces,no setup,"yes, standard",sometimes,when costs change,Confident,good enough,Yes,,duplicate_complete
R_BM_000206,2026-03-23T11:31:28Z,2026-03-23 11:30:22,44,FALSE,66,OFFICE@HERITAGENEEDLEWORKSCOM.EXAMPLE,Heritage Needleworks Company,Solo,500k-1M,new,2,Custom embroidery,Midwest,what competitors charge,,$1.16,depends,No,not usually,,,Not confident,profitable,No,Customers are more price-sensitive this year.,duplicate_partial
R_BM_000207,2026-03-18 06:11:10,2026-03-18 06:01:22,100,Y,588,info@redbarnapparelstudio14.example,Red Barn Apparel Studio #1417,me + 2,,21,3-head,Contract embroidery,Midwest,spreadsheet + stitch count,about 114,1.51 per thousand,6,setup fee on every new logo,,we hold price,when costs change,3 - somewhat confident,up and down,Not sure,,duplicate_complete
R_BM_000208,2026-03-18 06:17:25,03/18/26 06:14 AM,46,FALSE,171,owner@summitdesignsstudio.example,Summit Designs Studio,3 employees,$100k-$250k,11 yrs,two,Custom embroidery,West,I quote each job,$94 per hour,,6 pieces,,no rush fee,for schools/nonprofits,,,very profitable,Not sure,I worry about losing repeat customers.,duplicate_partial
R_BM_000209,2026-04-28 23:46:13,04/28/26 11:44 PM,70,Complete,103,sales1@magnoliacustoms1666.example,Magnolia Customs #1666,me + 2,250k-500k,20+,4 machines,,West,cost based,$122 per hour,$1.44,depends,Yes,,sometimes,annually,4,not enough,Not sure,Customers are more price-sensitive this year.,duplicate_complete
R_BM_000210,06/08/2026 05:43,"Jun 08, 2026 05:32 AM",100,Y,650,info@lakesidecreativellc.example,Lakeside Creative LLC,2 to 5 employees,$50k-$100k,19 yrs,4 heads,Custom embroidery,West,value based,about 79,$1.29,$50 minimum,No,$50 rush fee,rarely,once a year,Very confident,excellent,Not sure,Minimums changed everything for us.,duplicate_complete
R_BM_000211,2026-05-21 22:58:43,"May 21, 2026 10:56 PM",58,FALSE,145,info@hoopdigitizingcollecti.example,Hoop Digitizing Collective,just me,Prefer not to say,7 years,3 machines,Mixed services,Northeast,case by case,,1.05 per thousand,12,,,often,,1 - not confident,depends on job,Maybe later,I worry about losing repeat customers.,duplicate_partial
R_BM_000212,2026-05-12T06:10:35Z,05/12/2026 06:06,100,Complete,235,info@goldenlogoshopcompany1.example,Golden Logo Shop Company #1575,larger shop,$500k-$1m,10 years,12 machines,Team/school spiritwear,South,$/hour,134/hr,1.58/1000,$100 minimum,rarely,no rush fee,only strategic accounts,once a year,middle,good,No,,duplicate_complete
R_BM_000213,04/29/2026 12:13,2026-04-29T12:10:53Z,49,FALSE,172,hello@blueridgemonogramsshop.example,Blue Ridge Monograms Shop #1374,just me,500k-1M,15,1 heads,Decorated apparel,Northeast,cost based,65/hr,,,,,,annually,Confident,thin margins,Not sure,,duplicate_partial
R_BM_000214,05/22/2026 17:24,05/22/2026 17:22,65,FALSE,99,OWNER@CROWNBRANDINGGROUP.EXAMPLE,Crown Branding Group,26 or more,About $500k-$1M,19 years,12-head,Decorated apparel,Northeast,spreadsheet + stitch count,129,$1.69,,,"yes, standard",only strategic accounts,once a year,Very confident,excellent,No,We need a better price sheet.,partial
R_BM_000215,"May 20, 2026 05:47 AM","May 20, 2026 05:47 AM",49,Partial,54,quotes@mapledigitizing.example,Maple Digitizing,one-person shop,under $50k,1 years,two,Contract embroidery,Midwest,labor hours,,1.41/1000,depends,,,only strategic accounts,,,depends on job,Maybe later,,partial
R_BM_000216,05/11/26 06:47 AM,05/11/26 06:46 AM,65,Partial,78,owner@stitchprintstitchshop1.example,Stitch Print & Stitch Shop #1694,solo,,5,one,Custom embroidery,West,,$90 per hour,$1.39,,rarely,not usually,no discounts,each quarter,4,excellent,Maybe later,,partial
R_BM_000217,06/09/26 03:12 AM,06/09/26 03:11 AM,53,False,62,office1@mapleteamwearcollectiv.example,Maple Teamwear Collective,2 to 5 employees,$100k-$250k,12 yrs,six,Mixed services,West,,I don't use hourly,1.17 per thousand,1,,published rush fee,for schools/nonprofits,,not very,varies,Maybe later,,partial
R_BM_000218,"Jun 08, 2026 12:39 AM","Jun 08, 2026 12:38 AM",64,False,51,owner@magnoliacreative1533.example,Magnolia Creative #1533,Solo,About $500k-$1M,8 years,1-head,Promotional products,South,,,$1.41,$100 minimum,rarely,,occasionally,not often,,varies,No,,partial
R_BM_000219,2026-03-30T05:53:58Z,03/30/26 05:53 AM,68,False,53,owner@crownprintstitch.example,Crown Print & Stitch,owner only,Under 50k,16,1 machines,Contract embroidery,West,,about 98,,,,Yes - 25%,,when costs change,4,fine,No,Customers are more price-sensitive this year.,partial
R_BM_000220,"Apr 28, 2026 11:46 PM",04/28/26 11:44 PM,66,N,107,sales1@magnoliacustoms1666.example,Magnolia Customs #1666,small team,About $250k-$500k,20 yrs,4-head,Mixed services,West,cost+margin,,,,yes - standard,we should but don't,for schools/nonprofits,,,thin margins,No,,partial
R_BM_000221,"Mar 27, 2026 06:18 PM",03/27/26 06:16 PM,56,Partial,101,,Oak Logo Shop LLC #1487,11-25,1M+,about 16,8-head,Contract embroidery,Northeast,,$123,$1.70 per 1k,,No,,,,,healthy,Not sure,We need a better price sheet.,partial
R_BM_000222,05/02/2026 21:15,05/02/26 09:15 PM,55,TRUE,21,demo@example.com,demo,,,,,,,test,,,,,,,,5,,,test,test
R_BM_000223,03/28/2026 09:31,2026-03-28T09:30:52Z,55,TRUE,12,test@test.com,test,,,,,,,test,,,,,,,,,,,test,test
R_BM_000224,2026-03-17T18:43:10Z,2026-03-17 18:42:49,100,TRUE,11,test@test.com,asdf,test,,,,,,test,,,,,,,,,,,test,test
